SCIENTIFIC NAME,LATITUDE,LONGITUDE,OBSERVATION DATE
Pyrocephalus rubinus,-9.91667,-67.75,1988-10-20
Pyrocephalus rubinus,-10.5897885,-67.9754913,2007-09-13
Pyrocephalus rubinus,-9.9554938,-67.8652954,2008-05-23
Pyrocephalus rubinus,-9.7828213,-67.1244049,2008-05-27
Pyrocephalus rubinus,-9.1966604,-71.9444639,2010-07-29
Pyrocephalus rubinus,-9.9713444,-67.8067589,2011-08-27
Pyrocephalus rubinus,-10.8351044,-69.2634887,2013-07-28
Pyrocephalus rubinus,-9.9009452,-68.4088783,2014-05-30
Pyrocephalus rubinus,-9.6796441,-67.655345,2014-06-01
Pyrocephalus rubinus,-9.9923504,-68.1258345,2016-05-14
Pyrocephalus rubinus,-9.12919,-68.95262,2016-08-11
Pyrocephalus rubinus,-9.12919,-68.95262,2016-08-12
Pyrocephalus rubinus,-9.129209,-68.95262,2016-08-08
Pyrocephalus rubinus,-9.998429,-68.205104,2016-08-07
Pyrocephalus rubinus,-9.129209,-68.95262,2016-08-08
Pyrocephalus rubinus,-9.9549397,-67.8651127,2016-10-22
Pyrocephalus rubinus,-9.9549397,-67.8651127,2016-10-22
Pyrocephalus rubinus,-8.6673983,-69.6333883,2017-08-12
Pyrocephalus rubinus,-9.9549397,-67.8651127,2018-05-08
Pyrocephalus rubinus,-9.998429,-68.205104,2018-07-22
Pyrocephalus rubinus,-9.998429,-68.205104,2018-07-16
Pyrocephalus rubinus,-9.998429,-68.205104,2018-07-16
Pyrocephalus rubinus,-9.998429,-68.205104,2018-07-16
Pyrocephalus rubinus,-9.1301623,-68.952457,2018-10-10
Pyrocephalus rubinus,-9.1301623,-68.952457,2018-10-13
Pyrocephalus rubinus,-9.3576114,-69.9265154,2019-05-08
Pyrocephalus rubinus,-9.358339,-69.9267554,2019-05-05
Pyrocephalus rubinus,-9.358339,-69.9267554,2019-05-05
Pyrocephalus rubinus,-9.3576114,-69.9265154,2019-05-07
Pyrocephalus rubinus,-9.3576114,-69.9265154,2019-05-07
Pyrocephalus rubinus,-9.358339,-69.9267554,2019-05-05
Pyrocephalus rubinus,-9.3576114,-69.9265154,2019-05-08
Pyrocephalus rubinus,-9.3576114,-69.9265154,2019-05-07
Pyrocephalus rubinus,-9.3576114,-69.9265154,2019-05-08
Pyrocephalus rubinus,-9.3576114,-69.9265154,2019-05-07
Pyrocephalus rubinus,-9.3576114,-69.9265154,2019-05-05
Pyrocephalus rubinus,-9.3576114,-69.9265154,2019-05-08
Pyrocephalus rubinus,-10.707424,-69.584538,2019-08-04
Pyrocephalus rubinus,-10.884623,-69.58085,2019-08-10
Pyrocephalus rubinus,-9.3576114,-69.9265154,2019-09-29
Pyrocephalus rubinus,-9.998429,-68.205104,2019-09-22
Pyrocephalus rubinus,-9.3576114,-69.9265154,2019-09-27
Pyrocephalus rubinus,-9.3576114,-69.9265154,2019-09-27
Pyrocephalus rubinus,-9.998429,-68.205104,2019-09-20
Pyrocephalus rubinus,-9.998429,-68.205104,2019-09-20
Pyrocephalus rubinus,-9.3576114,-69.9265154,2019-09-27
Pyrocephalus rubinus,-4.3228256,-70.2089464,1973-08-20
Pyrocephalus rubinus,-4.3085748,-70.277731,1979-08-29
Pyrocephalus rubinus,-3.0156841,-60.0935948,1985-06-29
Pyrocephalus rubinus,-2.6291739,-60.9328225,2001-06-19
Pyrocephalus rubinus,-4.4096151,-59.8744583,2003-07-29
Pyrocephalus rubinus,-7.5076742,-63.0271912,2003-07-19
Pyrocephalus rubinus,-4.2889,-70.2948,2004-08-15
Pyrocephalus rubinus,-3.0634102,-64.8494196,2007-08-13
Pyrocephalus rubinus,-4.2889,-70.2948,2008-05-25
Pyrocephalus rubinus,-7.2520089,-64.7862053,2014-04-28
Pyrocephalus rubinus,-8.3134874,-63.9321256,2015-07-06
Pyrocephalus rubinus,-8.3134874,-63.9321256,2015-07-06
Pyrocephalus rubinus,-3.0988517,-60.3576089,2015-07-23
Pyrocephalus rubinus,-8.3134874,-63.9321256,2016-05-30
Pyrocephalus rubinus,-8.3134874,-63.9321256,2016-05-31
Pyrocephalus rubinus,-8.3134874,-63.9321256,2016-05-31
Pyrocephalus rubinus,-8.3134874,-63.9321256,2016-05-30
Pyrocephalus rubinus,-7.5814338,-63.1379557,2016-06-13
Pyrocephalus rubinus,-7.414335,-64.728234,2016-06-11
Pyrocephalus rubinus,-7.4864737,-63.0067849,2016-06-13
Pyrocephalus rubinus,-8.3134874,-63.9321256,2017-06-21
Pyrocephalus rubinus,-8.3134874,-63.9321256,2017-06-21
Pyrocephalus rubinus,-8.3134874,-63.9321256,2017-06-21
Pyrocephalus rubinus,-8.3134874,-63.9321256,2017-07-12
Pyrocephalus rubinus,-8.3134874,-63.9321256,2017-07-12
Pyrocephalus rubinus,-3.067865,-60.096497,2019-02-12
Pyrocephalus rubinus,-5.895779,-67.859008,2019-08-26
Pyrocephalus rubinus,-5.895779,-67.859008,2019-08-26
Pyrocephalus rubinus,-5.895779,-67.859008,2019-08-26
Pyrocephalus rubinus,-5.895779,-67.859008,2019-08-26
Pyrocephalus rubinus,-4.2720888,-69.9305058,2019-09-24
Pyrocephalus rubinus,-12.6369883,-38.0614471,2012-08-16
Pyrocephalus rubinus,-16.3876004,-39.1697613,2016-09-03
Pyrocephalus rubinus,-14.2795221,-38.9945555,2018-10-12
Pyrocephalus rubinus,-14.2795221,-38.9945555,2018-10-12
Pyrocephalus rubinus,-14.492222,-39.135833,2019-03-03
Pyrocephalus rubinus,-14.492222,-39.135833,2019-03-03
Pyrocephalus rubinus,-14.4483117,-39.093647,2019-05-08
Pyrocephalus rubinus,-14.492222,-39.135833,2019-05-08
Pyrocephalus rubinus,-13.0647038,-41.4421843,2019-06-16
Pyrocephalus rubinus,-13.0647038,-41.4421843,2019-06-16
Pyrocephalus rubinus,-13.0647038,-41.4421843,2019-06-17
Pyrocephalus rubinus,-13.0647038,-41.4421843,2019-06-16
Pyrocephalus rubinus,-14.7931033,-39.0316717,2019-09-04
Pyrocephalus rubinus,-15.8625191,-47.9430409,2003-05-03
Pyrocephalus rubinus,-15.8266085,-47.9553223,2005-07-19
Pyrocephalus rubinus,-15.7455017,-47.8837824,2005-07-17
Pyrocephalus rubinus,-15.80259,-47.91251,2005-07-13
Pyrocephalus rubinus,-15.763369,-47.857734,2005-07-17
Pyrocephalus rubinus,-15.80259,-47.91251,2005-07-18
Pyrocephalus rubinus,-15.80259,-47.91251,2006-05-14
Pyrocephalus rubinus,-15.80259,-47.91251,2007-03-08
Pyrocephalus rubinus,-15.7701755,-47.8684782,2007-09-16
Pyrocephalus rubinus,-15.80259,-47.91251,2007-09-10
Pyrocephalus rubinus,-15.6806921,-47.9783249,2008-04-08
Pyrocephalus rubinus,-15.77318,-47.831849,2009-08-29
Pyrocephalus rubinus,-15.8005951,-47.9115915,2010-08-04
Pyrocephalus rubinus,-15.8005951,-47.9115915,2010-08-04
Pyrocephalus rubinus,-15.5883582,-47.6975083,2010-10-02
Pyrocephalus rubinus,-15.80259,-47.91251,2015-05-26
Pyrocephalus rubinus,-15.6216316,-47.651782,2015-05-09
Pyrocephalus rubinus,-15.801421,-47.9079437,2015-05-09
Pyrocephalus rubinus,-15.76316,-47.858006,2015-05-19
Pyrocephalus rubinus,-15.6570898,-47.3320627,2015-05-09
Pyrocephalus rubinus,-15.76316,-47.858006,2015-05-19
Pyrocephalus rubinus,-15.85645,-47.49063,2015-06-27
Pyrocephalus rubinus,-15.8562515,-47.489562,2015-06-27
Pyrocephalus rubinus,-15.80259,-47.91251,2016-07-17
Pyrocephalus rubinus,-15.80259,-47.91251,2016-08-23
Pyrocephalus rubinus,-15.763369,-47.857734,2017-05-24
Pyrocephalus rubinus,-15.80259,-47.91251,2017-05-07
Pyrocephalus rubinus,-15.80259,-47.91251,2017-07-18
Pyrocephalus rubinus,-15.7728802,-47.9210624,2018-05-05
Pyrocephalus rubinus,-15.7728802,-47.9210624,2018-05-05
Pyrocephalus rubinus,-15.7728802,-47.9210624,2018-05-08
Pyrocephalus rubinus,-15.80259,-47.91251,2018-05-31
Pyrocephalus rubinus,-15.77183,-47.921742,2018-07-18
Pyrocephalus rubinus,-15.77183,-47.921742,2018-07-20
Pyrocephalus rubinus,-15.763369,-47.857734,2018-07-05
Pyrocephalus rubinus,-15.77183,-47.921742,2018-09-29
Pyrocephalus rubinus,-15.77183,-47.921742,2019-04-26
Pyrocephalus rubinus,-15.5610438,-47.603116,2019-05-26
Pyrocephalus rubinus,-15.5610438,-47.603116,2019-05-26
Pyrocephalus rubinus,-15.814961,-48.058977,2019-06-08
Pyrocephalus rubinus,-15.734663,-48.1805592,2019-06-05
Pyrocephalus rubinus,-15.814961,-48.058977,2019-06-13
Pyrocephalus rubinus,-15.814961,-48.058977,2019-06-06
Pyrocephalus rubinus,-15.814961,-48.058977,2019-06-23
Pyrocephalus rubinus,-15.814961,-48.058977,2019-06-30
Pyrocephalus rubinus,-15.814961,-48.058977,2019-06-24
Pyrocephalus rubinus,-15.814961,-48.058977,2019-06-22
Pyrocephalus rubinus,-15.814961,-48.058977,2019-06-26
Pyrocephalus rubinus,-15.814961,-48.058977,2019-06-20
Pyrocephalus rubinus,-15.814961,-48.058977,2019-06-08
Pyrocephalus rubinus,-15.814961,-48.058977,2019-06-11
Pyrocephalus rubinus,-15.814961,-48.058977,2019-06-25
Pyrocephalus rubinus,-15.814961,-48.058977,2019-06-14
Pyrocephalus rubinus,-15.814961,-48.058977,2019-06-28
Pyrocephalus rubinus,-15.734663,-48.1805592,2019-06-05
Pyrocephalus rubinus,-15.814961,-48.058977,2019-07-18
Pyrocephalus rubinus,-15.814961,-48.058977,2019-07-22
Pyrocephalus rubinus,-15.77183,-47.921742,2019-07-17
Pyrocephalus rubinus,-15.814961,-48.058977,2019-07-04
Pyrocephalus rubinus,-15.80259,-47.91251,2019-07-04
Pyrocephalus rubinus,-15.814961,-48.058977,2019-07-02
Pyrocephalus rubinus,-15.814961,-48.058977,2019-07-16
Pyrocephalus rubinus,-15.814961,-48.058977,2019-07-23
Pyrocephalus rubinus,-15.77183,-47.921742,2019-08-17
Pyrocephalus rubinus,-15.80259,-47.91251,2019-09-03
Pyrocephalus rubinus,-20.3661856,-40.3349076,2015-05-09
Pyrocephalus rubinus,-13.499864,-48.2577467,1990-08-26
Pyrocephalus rubinus,-18.2609794,-52.8883982,2001-04-15
Pyrocephalus rubinus,-18.2609794,-52.8883982,2001-04-14
Pyrocephalus rubinus,-17.7223173,-52.6897431,2004-04-26
Pyrocephalus rubinus,-18.2609794,-52.8883982,2005-09-15
Pyrocephalus rubinus,-18.2609794,-52.8883982,2006-08-23
Pyrocephalus rubinus,-18.2609794,-52.8883982,2008-08-11
Pyrocephalus rubinus,-18.2609794,-52.8883982,2008-08-23
Pyrocephalus rubinus,-18.2609794,-52.8883982,2008-08-23
Pyrocephalus rubinus,-17.8812724,-51.7215327,2009-01-01
Pyrocephalus rubinus,-18.2609794,-52.8883982,2009-04-29
Pyrocephalus rubinus,-15.8547849,-48.9562549,2009-06-25
Pyrocephalus rubinus,-18.2609794,-52.8883982,2010-07-28
Pyrocephalus rubinus,-18.2609794,-52.8883982,2010-07-25
Pyrocephalus rubinus,-18.2609794,-52.8883982,2010-07-28
Pyrocephalus rubinus,-18.2609794,-52.8883982,2010-07-27
Pyrocephalus rubinus,-18.2609794,-52.8883982,2010-07-27
Pyrocephalus rubinus,-18.2609794,-52.8883982,2010-07-28
Pyrocephalus rubinus,-18.2609794,-52.8883982,2010-07-27
Pyrocephalus rubinus,-18.2609794,-52.8883982,2010-07-27
Pyrocephalus rubinus,-18.2609794,-52.8883982,2010-07-28
Pyrocephalus rubinus,-16.9118491,-47.5682619,2011-04-15
Pyrocephalus rubinus,-13.6738889,-49.1141667,2011-06-25
Pyrocephalus rubinus,-13.6738889,-49.1141667,2011-06-25
Pyrocephalus rubinus,-14.2227454,-47.8653395,2011-07-01
Pyrocephalus rubinus,-18.2609794,-52.8883982,2012-10-13
Pyrocephalus rubinus,-18.2609794,-52.8883982,2013-05-03
Pyrocephalus rubinus,-18.2609794,-52.8883982,2013-09-16
Pyrocephalus rubinus,-18.2609794,-52.8883982,2013-09-16
Pyrocephalus rubinus,-14.3725118,-47.5050631,2014-06-17
Pyrocephalus rubinus,-18.1485433,-47.9239243,2014-06-30
Pyrocephalus rubinus,-14.2964824,-47.4933922,2015-04-27
Pyrocephalus rubinus,-14.2964824,-47.4933922,2015-04-27
Pyrocephalus rubinus,-16.413718,-49.0876222,2015-05-09
Pyrocephalus rubinus,-14.3186024,-47.5041586,2016-05-23
Pyrocephalus rubinus,-14.3186024,-47.5041586,2016-08-07
Pyrocephalus rubinus,-18.0962432,-52.924151,2016-09-24
Pyrocephalus rubinus,-18.2989819,-52.9884397,2017-06-04
Pyrocephalus rubinus,-16.5663762,-49.3089547,2017-06-10
Pyrocephalus rubinus,-16.5663762,-49.3089547,2017-07-05
Pyrocephalus rubinus,-18.2609794,-52.8883982,2017-09-25
Pyrocephalus rubinus,-18.2609794,-52.8883982,2017-09-25
Pyrocephalus rubinus,-18.2609794,-52.8883982,2017-09-10
Pyrocephalus rubinus,-18.2609794,-52.8883982,2017-09-25
Pyrocephalus rubinus,-16.5663762,-49.3089547,2018-05-16
Pyrocephalus rubinus,-16.5663762,-49.3089547,2018-07-12
Pyrocephalus rubinus,-16.6383952,-48.6594295,2018-07-05
Pyrocephalus rubinus,-17.3742014,-53.0841011,2018-07-28
Pyrocephalus rubinus,-16.5663762,-49.3089547,2018-07-20
Pyrocephalus rubinus,-16.570828,-49.314961,2018-07-17
Pyrocephalus rubinus,-16.575012,-49.315902,2018-07-20
Pyrocephalus rubinus,-18.0426539,-47.8742682,2018-08-27
Pyrocephalus rubinus,-15.29784,-49.3733495,2018-08-24
Pyrocephalus rubinus,-15.29784,-49.3733495,2018-08-22
Pyrocephalus rubinus,-15.29784,-49.3733495,2018-08-20
Pyrocephalus rubinus,-17.5658766,-52.5575839,2018-12-16
Pyrocephalus rubinus,-16.5663762,-49.3089547,2019-04-29
Pyrocephalus rubinus,-16.5663762,-49.3089547,2019-04-29
Pyrocephalus rubinus,-16.5663762,-49.3089547,2019-04-29
Pyrocephalus rubinus,-16.5663762,-49.3089547,2019-04-29
Pyrocephalus rubinus,-17.5673222,-52.5862125,2019-06-07
Pyrocephalus rubinus,-17.5648,-52.5383,2019-06-07
Pyrocephalus rubinus,-16.2584919,-48.5505939,2019-07-31
Pyrocephalus rubinus,-17.9010349,-53.0069001,2019-07-14
Pyrocephalus rubinus,-16.574185,-49.315152,2019-07-19
Pyrocephalus rubinus,-18.9772957,-50.772358,2019-07-12
Pyrocephalus rubinus,-18.8887732,-50.914134,2019-07-12
Pyrocephalus rubinus,-17.162157,-49.631158,2019-07-27
Pyrocephalus rubinus,-16.5663762,-49.3089547,2019-07-19
Pyrocephalus rubinus,-17.070565,-49.601035,2019-07-27
Pyrocephalus rubinus,-18.271417,-52.842821,2019-08-28
Pyrocephalus rubinus,-17.921308,-53.006452,2019-08-29
Pyrocephalus rubinus,-18.1223603,-52.908783,2019-09-28
Pyrocephalus rubinus,-16.5648475,-49.2844933,2020-04-30
Pyrocephalus rubinus,-16.5648475,-49.2844933,2020-04-29
Pyrocephalus rubinus,-16.5648475,-49.2844933,2020-04-27
Pyrocephalus rubinus,-16.5648475,-49.2844933,2020-04-28
Pyrocephalus rubinus,-16.5648475,-49.2844933,2020-04-27
Pyrocephalus rubinus,-19.1659243,-48.581543,1999-07-01
Pyrocephalus rubinus,-17.3327707,-44.9089261,2003-04-18
Pyrocephalus rubinus,-19.6394753,-43.8939643,2003-08-24
Pyrocephalus rubinus,-17.3496553,-44.9355412,2004-07-09
Pyrocephalus rubinus,-17.3496553,-44.9355412,2004-07-08
Pyrocephalus rubinus,-18.7993931,-48.1434202,2005-09-02
Pyrocephalus rubinus,-17.2968876,-44.9093628,2009-02-18
Pyrocephalus rubinus,-18.9086819,-48.2311606,2009-06-08
Pyrocephalus rubinus,-19.3539,-43.6075,2009-06-22
Pyrocephalus rubinus,-19.6290469,-47.0141673,2009-06-05
Pyrocephalus rubinus,-20.2506019,-46.4955139,2009-10-11
Pyrocephalus rubinus,-19.6290469,-47.0141673,2010-05-31
Pyrocephalus rubinus,-19.6234889,-47.0116889,2012-05-28
Pyrocephalus rubinus,-20.4487283,-44.763236,2013-04-28
Pyrocephalus rubinus,-19.8547073,-43.9962745,2013-07-11
Pyrocephalus rubinus,-19.7874565,-43.867969,2013-08-11
Pyrocephalus rubinus,-20.0583903,-47.9039311,2013-09-10
Pyrocephalus rubinus,-18.5328396,-47.8556299,2013-09-13
Pyrocephalus rubinus,-19.8604656,-43.9969568,2014-05-18
Pyrocephalus rubinus,-16.0488654,-46.2077665,2015-01-01
Pyrocephalus rubinus,-18.8711232,-46.9882679,2015-05-09
Pyrocephalus rubinus,-18.8628185,-46.8500161,2015-05-09
Pyrocephalus rubinus,-21.18511,-45.25663,2015-05-30
Pyrocephalus rubinus,-19.467424,-42.5413209,2015-06-24
Pyrocephalus rubinus,-21.18511,-45.25663,2015-07-11
Pyrocephalus rubinus,-19.855203,-43.996057,2015-08-13
Pyrocephalus rubinus,-19.2028895,-44.9535656,2015-08-08
Pyrocephalus rubinus,-19.8526232,-43.978765,2015-08-16
Pyrocephalus rubinus,-18.95029,-48.206303,2015-08-13
Pyrocephalus rubinus,-21.18511,-45.25663,2015-09-06
Pyrocephalus rubinus,-18.9829218,-49.4715858,2016-04-10
Pyrocephalus rubinus,-21.18511,-45.25663,2016-06-25
Pyrocephalus rubinus,-19.8740804,-43.9720384,2016-06-04
Pyrocephalus rubinus,-21.215,-46.5624,2016-06-30
Pyrocephalus rubinus,-19.2276702,-45.0185394,2016-06-12
Pyrocephalus rubinus,-20.6623557,-43.7848066,2016-06-30
Pyrocephalus rubinus,-17.3987086,-45.0178957,2016-07-04
Pyrocephalus rubinus,-22.312602,-46.3285625,2016-07-22
Pyrocephalus rubinus,-19.8003516,-47.9452915,2016-07-11
Pyrocephalus rubinus,-21.18511,-45.25663,2016-07-10
Pyrocephalus rubinus,-19.8003516,-47.9452915,2016-07-06
Pyrocephalus rubinus,-19.8003516,-47.9452915,2016-07-06
Pyrocephalus rubinus,-19.8003516,-47.9452915,2016-07-12
Pyrocephalus rubinus,-18.9086819,-48.2311606,2016-07-16
Pyrocephalus rubinus,-17.0584807,-46.0944271,2016-08-21
Pyrocephalus rubinus,-21.692673,-45.8981591,2016-09-07
Pyrocephalus rubinus,-20.9127868,-45.2803086,2016-09-11
Pyrocephalus rubinus,-21.215,-46.5624,2016-11-20
Pyrocephalus rubinus,-19.2276702,-45.0185394,2017-05-06
Pyrocephalus rubinus,-16.0729498,-46.2098265,2017-05-13
Pyrocephalus rubinus,-22.1218279,-45.9155963,2017-05-21
Pyrocephalus rubinus,-20.0858607,-45.281353,2017-06-04
Pyrocephalus rubinus,-19.8526232,-43.978765,2017-07-25
Pyrocephalus rubinus,-19.8547092,-43.9700676,2017-08-13
Pyrocephalus rubinus,-21.1964785,-45.0513936,2017-08-31
Pyrocephalus rubinus,-19.8518424,-43.973535,2017-08-26
Pyrocephalus rubinus,-21.3625554,-46.93777,2017-09-02
Pyrocephalus rubinus,-19.8526232,-43.978765,2017-09-01
Pyrocephalus rubinus,-19.853078,-43.993496,2017-10-28
Pyrocephalus rubinus,-18.9086819,-48.2311606,2018-02-04
Pyrocephalus rubinus,-21.3625748,-46.9377431,2018-03-03
Pyrocephalus rubinus,-21.3625748,-46.9377431,2018-03-03
Pyrocephalus rubinus,-19.22779,-45.01616,2018-04-15
Pyrocephalus rubinus,-21.5324867,-44.6516147,2018-04-30
Pyrocephalus rubinus,-19.22779,-45.01616,2018-04-15
Pyrocephalus rubinus,-16.1332235,-46.3108153,2018-05-06
Pyrocephalus rubinus,-19.8518424,-43.973535,2018-05-26
Pyrocephalus rubinus,-19.8526232,-43.978765,2018-06-06
Pyrocephalus rubinus,-19.8526232,-43.978765,2018-06-03
Pyrocephalus rubinus,-22.1186066,-45.8583937,2018-06-30
Pyrocephalus rubinus,-16.744167,-43.867568,2018-07-28
Pyrocephalus rubinus,-18.9086819,-48.2311606,2018-07-26
Pyrocephalus rubinus,-19.2447147,-45.0320934,2018-07-22
Pyrocephalus rubinus,-19.2100059,-44.9808214,2018-07-23
Pyrocephalus rubinus,-16.744167,-43.867568,2018-07-28
Pyrocephalus rubinus,-16.744167,-43.867568,2018-07-28
Pyrocephalus rubinus,-18.7559361,-49.0203718,2018-07-27
Pyrocephalus rubinus,-20.0095309,-46.0053007,2018-08-17
Pyrocephalus rubinus,-19.4407232,-44.4732601,2018-08-16
Pyrocephalus rubinus,-21.1964785,-45.0513936,2018-08-26
Pyrocephalus rubinus,-19.22779,-45.01616,2018-08-11
Pyrocephalus rubinus,-22.41836,-45.456175,2018-10-06
Pyrocephalus rubinus,-21.2514047,-46.1458205,2019-04-28
Pyrocephalus rubinus,-19.8540835,-43.9748321,2019-05-04
Pyrocephalus rubinus,-16.0488654,-46.2077665,2019-05-04
Pyrocephalus rubinus,-19.8518361,-43.9737225,2019-05-04
Pyrocephalus rubinus,-19.8518361,-43.9737225,2019-06-19
Pyrocephalus rubinus,-19.255748,-45.021766,2019-06-18
Pyrocephalus rubinus,-18.2019209,-43.578862,2019-06-20
Pyrocephalus rubinus,-19.8794241,-47.4619489,2019-06-22
Pyrocephalus rubinus,-19.8518361,-43.9737225,2019-06-01
Pyrocephalus rubinus,-18.5779051,-46.3422245,2019-07-20
Pyrocephalus rubinus,-21.215,-46.5624,2019-07-24
Pyrocephalus rubinus,-20.6088867,-46.4364637,2019-07-06
Pyrocephalus rubinus,-19.210794,-45.002173,2019-07-28
Pyrocephalus rubinus,-20.6251933,-43.7600899,2019-07-10
Pyrocephalus rubinus,-20.0562456,-48.98963,2019-07-13
Pyrocephalus rubinus,-19.8540835,-43.9748321,2019-08-10
Pyrocephalus rubinus,-22.23,-45.93639,2019-08-24
Pyrocephalus rubinus,-17.1939785,-44.6481436,2019-08-18
Pyrocephalus rubinus,-20.9148361,-44.2239147,2019-09-28
Pyrocephalus rubinus,-20.9148361,-44.2239147,2019-09-28
Pyrocephalus rubinus,-19.210794,-45.002173,2019-09-28
Pyrocephalus rubinus,-22.2449,-45.7198,2019-10-19
Pyrocephalus rubinus,-19.8344672,-47.4703378,2020-04-20
Pyrocephalus rubinus,-18.6827698,-48.169002,2020-04-25
Pyrocephalus rubinus,-22.377421,-45.259827,2020-04-21
Pyrocephalus rubinus,-18.6173175,-48.2242717,2020-04-11
Pyrocephalus rubinus,-21.5559295,-45.4351497,2020-04-12
Pyrocephalus rubinus,-18.7946397,-48.2304463,2020-04-10
Pyrocephalus rubinus,-19.9498726,-55.8166409,1988-08-20
Pyrocephalus rubinus,-19.95431,-56.3042772,1990-06-10
Pyrocephalus rubinus,-20.3626526,-56.1593628,1994-07-21
Pyrocephalus rubinus,-20.4704592,-54.6221781,1994-07-25
Pyrocephalus rubinus,-19.0129494,-57.6414442,1994-07-22
Pyrocephalus rubinus,-19.3577936,-57.1289063,1994-07-24
Pyrocephalus rubinus,-19.5556653,-57.0386124,1995-07-07
Pyrocephalus rubinus,-20.7436959,-57.862229,1997-08-12
Pyrocephalus rubinus,-19.9526426,-56.3044081,1998-05-25
Pyrocephalus rubinus,-19.2330993,-56.9186497,2002-05-24
Pyrocephalus rubinus,-19.2330993,-56.9186497,2002-05-23
Pyrocephalus rubinus,-20.2388889,-58.1655556,2002-07-21
Pyrocephalus rubinus,-19.9526426,-56.3044081,2002-10-20
Pyrocephalus rubinus,-19.5751413,-56.2460126,2003-06-23
Pyrocephalus rubinus,-19.5751413,-56.2460126,2003-06-21
Pyrocephalus rubinus,-19.5751413,-56.2460126,2003-06-30
Pyrocephalus rubinus,-19.5751413,-56.2460126,2003-06-29
Pyrocephalus rubinus,-19.5751413,-56.2460126,2003-07-01
Pyrocephalus rubinus,-19.9526426,-56.3044081,2003-09-15
Pyrocephalus rubinus,-19.5556653,-57.0386124,2003-09-01
Pyrocephalus rubinus,-19.9542667,-56.3041376,2004-07-04
Pyrocephalus rubinus,-19.9526426,-56.3044081,2004-08-10
Pyrocephalus rubinus,-19.9526426,-56.3044081,2004-08-11
Pyrocephalus rubinus,-19.9526426,-56.3044081,2005-03-20
Pyrocephalus rubinus,-20.5031804,-54.6679688,2006-05-01
Pyrocephalus rubinus,-17.6649598,-56.4257813,2006-06-15
Pyrocephalus rubinus,-19.5748125,-57.0380652,2006-07-23
Pyrocephalus rubinus,-21.0086408,-56.6674376,2006-08-17
Pyrocephalus rubinus,-20.4128559,-55.7913208,2007-05-09
Pyrocephalus rubinus,-19.5452018,-55.5618031,2007-06-01
Pyrocephalus rubinus,-23.8423527,-54.2584705,2007-07-04
Pyrocephalus rubinus,-23.8423527,-54.2584705,2007-07-10
Pyrocephalus rubinus,-23.8423527,-54.2584705,2007-07-09
Pyrocephalus rubinus,-23.8423527,-54.2584705,2007-07-06
Pyrocephalus rubinus,-23.8423527,-54.2584705,2007-07-07
Pyrocephalus rubinus,-23.8423527,-54.2584705,2007-07-08
Pyrocephalus rubinus,-20.0857721,-56.6153791,2007-08-12
Pyrocephalus rubinus,-20.086267,-56.6147187,2007-08-13
Pyrocephalus rubinus,-20.086267,-56.6147187,2007-08-13
Pyrocephalus rubinus,-19.9526426,-56.3044081,2007-09-07
Pyrocephalus rubinus,-19.9526426,-56.3044081,2007-09-08
Pyrocephalus rubinus,-19.9526426,-56.3044081,2007-09-09
Pyrocephalus rubinus,-19.7475591,-56.3252735,2008-04-21
Pyrocephalus rubinus,-19.7475591,-56.3252735,2008-04-24
Pyrocephalus rubinus,-19.7475591,-56.3252735,2008-04-23
Pyrocephalus rubinus,-23.826196,-54.262314,2008-07-10
Pyrocephalus rubinus,-20.7417118,-56.0544294,2008-09-07
Pyrocephalus rubinus,-20.7417118,-56.0544294,2008-09-06
Pyrocephalus rubinus,-20.5914074,-55.419541,2008-09-11
Pyrocephalus rubinus,-20.5195057,-55.2488237,2008-09-12
Pyrocephalus rubinus,-20.5229363,-55.4054647,2008-09-05
Pyrocephalus rubinus,-20.5362481,-55.8405394,2008-09-13
Pyrocephalus rubinus,-20.5195057,-55.2488237,2008-09-10
Pyrocephalus rubinus,-20.5229363,-55.4054647,2008-09-09
Pyrocephalus rubinus,-20.5581437,-55.7056189,2008-10-10
Pyrocephalus rubinus,-19.7759478,-55.2439863,2009-06-12
Pyrocephalus rubinus,-23.8511451,-54.2852283,2009-07-08
Pyrocephalus rubinus,-20.352427,-56.3889059,2009-07-29
Pyrocephalus rubinus,-19.9526426,-56.3044081,2009-07-28
Pyrocephalus rubinus,-23.826196,-54.262314,2009-07-07
Pyrocephalus rubinus,-19.5769444,-57.0116667,2009-08-10
Pyrocephalus rubinus,-19.5769444,-57.0116667,2009-08-10
Pyrocephalus rubinus,-18.8231169,-57.65625,2009-08-18
Pyrocephalus rubinus,-21.7792814,-56.0315206,2009-09-01
Pyrocephalus rubinus,-21.1715363,-56.4459327,2009-09-10
Pyrocephalus rubinus,-19.5748125,-57.0380652,2009-10-16
Pyrocephalus rubinus,-21.4711336,-54.3942192,2010-02-15
Pyrocephalus rubinus,-20.5505089,-55.9643555,2010-04-05
Pyrocephalus rubinus,-19.1737,-57.26074,2010-04-23
Pyrocephalus rubinus,-20.0958561,-55.9646773,2010-04-07
Pyrocephalus rubinus,-20.5505089,-55.9643555,2010-04-05
Pyrocephalus rubinus,-20.0958561,-55.9646773,2010-04-07
Pyrocephalus rubinus,-20.0958561,-55.9646773,2010-04-07
Pyrocephalus rubinus,-20.5505089,-55.9643555,2010-04-05
Pyrocephalus rubinus,-20.0956205,-55.9648456,2010-04-05
Pyrocephalus rubinus,-20.0958561,-55.9646773,2010-04-07
Pyrocephalus rubinus,-20.5505089,-55.9643555,2010-04-05
Pyrocephalus rubinus,-17.832892,-57.5542023,2010-07-20
Pyrocephalus rubinus,-23.8423527,-54.2584705,2010-07-20
Pyrocephalus rubinus,-18.6254245,-57.2058105,2010-09-06
Pyrocephalus rubinus,-24.05,-54.29,2010-09-15
Pyrocephalus rubinus,-19.5772183,-56.1508656,2010-09-03
Pyrocephalus rubinus,-19.0495347,-57.7841473,2010-09-07
Pyrocephalus rubinus,-19.5748125,-57.0380652,2011-06-17
Pyrocephalus rubinus,-23.8423527,-54.2584705,2011-07-07
Pyrocephalus rubinus,-23.8423527,-54.2584705,2011-07-10
Pyrocephalus rubinus,-20.0956205,-55.9648456,2011-09-10
Pyrocephalus rubinus,-21.4613264,-56.4396617,2011-09-04
Pyrocephalus rubinus,-19.9526426,-56.3044081,2011-10-10
Pyrocephalus rubinus,-19.9526426,-56.3044081,2011-10-10
Pyrocephalus rubinus,-21.1325508,-56.6233123,2012-04-19
Pyrocephalus rubinus,-21.109108,-56.4988178,2012-05-05
Pyrocephalus rubinus,-20.4084718,-56.3422894,2012-05-12
Pyrocephalus rubinus,-21.1403991,-56.4747477,2012-06-22
Pyrocephalus rubinus,-23.8423527,-54.2584705,2012-07-12
Pyrocephalus rubinus,-23.8423527,-54.2584705,2012-07-23
Pyrocephalus rubinus,-23.8423527,-54.2584705,2012-07-21
Pyrocephalus rubinus,-23.8423527,-54.2584705,2012-07-22
Pyrocephalus rubinus,-23.8423527,-54.2584705,2012-07-17
Pyrocephalus rubinus,-23.8423527,-54.2584705,2012-07-10
Pyrocephalus rubinus,-23.8423527,-54.2584705,2012-07-05
Pyrocephalus rubinus,-23.8423527,-54.2584705,2012-07-07
Pyrocephalus rubinus,-19.344391,-55.719806,2012-08-27
Pyrocephalus rubinus,-19.579402,-56.106369,2012-08-30
Pyrocephalus rubinus,-20.3935489,-54.5871162,2012-08-28
Pyrocephalus rubinus,-20.4546841,-54.5773208,2012-08-28
Pyrocephalus rubinus,-19.579402,-56.106369,2012-08-29
Pyrocephalus rubinus,-20.3935489,-54.5871162,2012-08-28
Pyrocephalus rubinus,-20.4546841,-54.5773208,2012-08-28
Pyrocephalus rubinus,-21.1325508,-56.6233123,2012-08-19
Pyrocephalus rubinus,-19.668453,-56.6015625,2012-10-08
Pyrocephalus rubinus,-21.229655,-56.5146192,2013-05-24
Pyrocephalus rubinus,-21.229655,-56.5146192,2013-05-24
Pyrocephalus rubinus,-23.891672,-54.244406,2013-06-26
Pyrocephalus rubinus,-23.8423527,-54.2584705,2013-06-23
Pyrocephalus rubinus,-23.8423527,-54.2584705,2013-06-22
Pyrocephalus rubinus,-23.7878581,-54.3526697,2013-06-27
Pyrocephalus rubinus,-23.8143623,-54.1052413,2013-06-28
Pyrocephalus rubinus,-23.8423527,-54.2584705,2013-06-24
Pyrocephalus rubinus,-23.8423527,-54.2584705,2013-06-26
Pyrocephalus rubinus,-23.8423527,-54.2584705,2013-06-29
Pyrocephalus rubinus,-21.229655,-56.5146192,2013-07-03
Pyrocephalus rubinus,-21.229655,-56.5146192,2013-07-03
Pyrocephalus rubinus,-19.5772183,-56.1508656,2013-08-17
Pyrocephalus rubinus,-19.25696,-55.786518,2013-08-26
Pyrocephalus rubinus,-19.95431,-56.3042772,2013-09-10
Pyrocephalus rubinus,-20.3030866,-56.2610312,2013-09-19
Pyrocephalus rubinus,-19.5772183,-56.1508656,2013-09-06
Pyrocephalus rubinus,-20.3030866,-56.2610312,2013-09-19
Pyrocephalus rubinus,-19.5772183,-56.1508656,2013-09-10
Pyrocephalus rubinus,-19.95431,-56.3042772,2013-09-10
Pyrocephalus rubinus,-19.95431,-56.3042772,2013-09-13
Pyrocephalus rubinus,-19.95431,-56.3042772,2013-09-13
Pyrocephalus rubinus,-20.3030866,-56.2610312,2013-09-18
Pyrocephalus rubinus,-19.95431,-56.3042772,2013-09-11
Pyrocephalus rubinus,-19.95431,-56.3042772,2013-09-12
Pyrocephalus rubinus,-19.95431,-56.3042772,2013-09-15
Pyrocephalus rubinus,-20.3030866,-56.2610312,2013-09-17
Pyrocephalus rubinus,-20.3030866,-56.2610312,2013-09-18
Pyrocephalus rubinus,-19.95431,-56.3042772,2013-09-11
Pyrocephalus rubinus,-18.3423869,-52.7966022,2013-09-26
Pyrocephalus rubinus,-18.3423869,-52.7966022,2013-09-27
Pyrocephalus rubinus,-19.95431,-56.3042772,2013-09-12
Pyrocephalus rubinus,-20.3030866,-56.2610312,2013-09-17
Pyrocephalus rubinus,-19.95431,-56.3042772,2013-09-15
Pyrocephalus rubinus,-19.056631,-56.8003151,2013-10-04
Pyrocephalus rubinus,-20.4357679,-54.6476296,2014-05-25
Pyrocephalus rubinus,-20.4357679,-54.6476296,2014-06-22
Pyrocephalus rubinus,-20.4357679,-54.6476296,2014-08-17
Pyrocephalus rubinus,-19.5885092,-56.0881716,2014-08-25
Pyrocephalus rubinus,-19.5885092,-56.0881716,2014-08-21
Pyrocephalus rubinus,-18.2625,-57.4358333,2014-08-29
Pyrocephalus rubinus,-17.7975,-57.6822222,2014-08-21
Pyrocephalus rubinus,-20.0857721,-56.6153791,2014-08-29
Pyrocephalus rubinus,-20.0857721,-56.6153791,2014-09-25
Pyrocephalus rubinus,-20.2737898,-54.8679188,2014-09-16
Pyrocephalus rubinus,-20.4472807,-55.757761,2015-01-20
Pyrocephalus rubinus,-19.5748125,-57.0380652,2015-01-10
Pyrocephalus rubinus,-19.2516951,-57.0622841,2015-01-10
Pyrocephalus rubinus,-20.2245624,-56.57541,2015-04-30
Pyrocephalus rubinus,-22.6390742,-54.8286515,2015-04-05
Pyrocephalus rubinus,-20.49712,-54.6394944,2015-05-09
Pyrocephalus rubinus,-22.15218,-54.932574,2015-05-27
Pyrocephalus rubinus,-21.150595,-56.4655852,2015-05-09
Pyrocephalus rubinus,-20.0956205,-55.9648456,2015-05-21
Pyrocephalus rubinus,-20.3935489,-54.5871162,2015-05-09
Pyrocephalus rubinus,-19.5772183,-56.1508656,2015-05-30
Pyrocephalus rubinus,-20.5827333,-56.650722,2015-05-09
Pyrocephalus rubinus,-20.0956205,-55.9648456,2015-05-22
Pyrocephalus rubinus,-21.09977,-57.84441,2015-06-23
Pyrocephalus rubinus,-21.70381,-57.88711,2015-06-19
Pyrocephalus rubinus,-22.9771153,-53.6601126,2015-06-09
Pyrocephalus rubinus,-21.1259974,-56.4900613,2015-06-18
Pyrocephalus rubinus,-19.9526426,-56.3044081,2015-06-08
Pyrocephalus rubinus,-20.5042095,-54.6138096,2015-06-27
Pyrocephalus rubinus,-19.3200609,-57.0517646,2015-07-21
Pyrocephalus rubinus,-19.25696,-55.786518,2015-07-01
Pyrocephalus rubinus,-19.5885092,-56.0881716,2015-07-14
Pyrocephalus rubinus,-19.5762176,-57.0190483,2015-08-20
Pyrocephalus rubinus,-23.8423527,-54.2584705,2015-08-20
Pyrocephalus rubinus,-20.0857721,-56.6153791,2015-08-18
Pyrocephalus rubinus,-19.5762176,-57.0190483,2015-08-18
Pyrocephalus rubinus,-23.8423527,-54.2584705,2015-08-22
Pyrocephalus rubinus,-19.5762176,-57.0190483,2015-08-19
Pyrocephalus rubinus,-20.0857721,-56.6153791,2015-08-19
Pyrocephalus rubinus,-19.5762176,-57.0190483,2015-08-16
Pyrocephalus rubinus,-23.8423527,-54.2584705,2015-08-18
Pyrocephalus rubinus,-23.8143623,-54.1052413,2015-08-23
Pyrocephalus rubinus,-19.5882565,-56.0881662,2015-09-21
Pyrocephalus rubinus,-19.5556653,-57.0386124,2015-09-05
Pyrocephalus rubinus,-20.0956205,-55.9648456,2015-09-14
Pyrocephalus rubinus,-20.0857721,-56.6153791,2015-09-16
Pyrocephalus rubinus,-20.0871,-56.61455,2015-10-13
Pyrocephalus rubinus,-20.0956205,-55.9648456,2015-10-13
Pyrocephalus rubinus,-19.47,-57.04,2015-10-31
Pyrocephalus rubinus,-20.0857721,-56.6153791,2015-10-13
Pyrocephalus rubinus,-19.9526426,-56.3044081,2015-10-17
Pyrocephalus rubinus,-19.2518006,-57.0624032,2015-11-01
Pyrocephalus rubinus,-19.2533883,-57.0989438,2015-11-03
Pyrocephalus rubinus,-17.832892,-57.5542023,2016-01-08
Pyrocephalus rubinus,-19.9526426,-56.3044081,2016-03-05
Pyrocephalus rubinus,-20.4669937,-54.6300038,2016-05-18
Pyrocephalus rubinus,-20.3984807,-54.5863889,2016-05-14
Pyrocephalus rubinus,-20.0956191,-55.9651146,2016-05-21
Pyrocephalus rubinus,-20.5042095,-54.6138096,2016-05-14
Pyrocephalus rubinus,-20.227099,-54.926043,2016-05-14
Pyrocephalus rubinus,-22.2299178,-54.7916079,2016-05-14
Pyrocephalus rubinus,-20.4371726,-54.5373988,2016-05-14
Pyrocephalus rubinus,-20.5031804,-54.6679688,2016-05-14
Pyrocephalus rubinus,-19.5067323,-55.6126327,2016-05-19
Pyrocephalus rubinus,-20.5827333,-56.650722,2016-05-15
Pyrocephalus rubinus,-20.5042095,-54.6138096,2016-06-05
Pyrocephalus rubinus,-22.1632067,-52.6617086,2016-06-16
Pyrocephalus rubinus,-19.25696,-55.786518,2016-07-24
Pyrocephalus rubinus,-17.4582005,-56.8232417,2016-08-21
Pyrocephalus rubinus,-19.5556653,-57.0386124,2016-08-17
Pyrocephalus rubinus,-19.2851499,-55.3896305,2016-08-27
Pyrocephalus rubinus,-17.314949,-56.718257,2016-08-28
Pyrocephalus rubinus,-17.314949,-56.718257,2016-08-25
Pyrocephalus rubinus,-19.2851499,-55.3896305,2016-08-30
Pyrocephalus rubinus,-19.5556653,-57.0386124,2016-09-04
Pyrocephalus rubinus,-19.9526426,-56.3044081,2016-09-13
Pyrocephalus rubinus,-22.1623681,-57.3206091,2017-05-17
Pyrocephalus rubinus,-19.4473311,-57.0757502,2017-05-15
Pyrocephalus rubinus,-21.1264584,-56.4828587,2017-05-13
Pyrocephalus rubinus,-19.5798971,-57.0211485,2017-05-10
Pyrocephalus rubinus,-22.1623681,-57.3206091,2017-05-17
Pyrocephalus rubinus,-22.1623681,-57.3206091,2017-05-15
Pyrocephalus rubinus,-22.1741717,-57.5014329,2017-05-16
Pyrocephalus rubinus,-22.1623681,-57.3206091,2017-05-15
Pyrocephalus rubinus,-20.4546841,-54.5773208,2017-05-13
Pyrocephalus rubinus,-22.1741717,-57.5014329,2017-05-16
Pyrocephalus rubinus,-20.0956205,-55.9648456,2017-06-24
Pyrocephalus rubinus,-20.4546841,-54.5773208,2017-06-25
Pyrocephalus rubinus,-20.4546841,-54.5773208,2017-06-25
Pyrocephalus rubinus,-20.5358258,-56.713011,2017-06-04
Pyrocephalus rubinus,-20.0956205,-55.9648456,2017-06-22
Pyrocephalus rubinus,-19.2033758,-57.5161314,2017-07-16
Pyrocephalus rubinus,-20.5226426,-54.539783,2017-07-08
Pyrocephalus rubinus,-17.4582005,-56.8232417,2017-07-17
Pyrocephalus rubinus,-19.25696,-55.786518,2017-07-24
Pyrocephalus rubinus,-20.5226426,-54.539783,2017-07-08
Pyrocephalus rubinus,-17.4582005,-56.8232417,2017-07-17
Pyrocephalus rubinus,-19.2033758,-57.5161314,2017-07-16
Pyrocephalus rubinus,-17.4582005,-56.8232417,2017-07-17
Pyrocephalus rubinus,-20.4546841,-54.5773208,2017-08-19
Pyrocephalus rubinus,-20.4371726,-54.5373988,2017-08-21
Pyrocephalus rubinus,-20.2016775,-55.9637537,2017-08-13
Pyrocephalus rubinus,-20.4546841,-54.5773208,2017-08-19
Pyrocephalus rubinus,-17.4582005,-56.8232417,2017-08-30
Pyrocephalus rubinus,-20.4368299,-54.557141,2017-08-13
Pyrocephalus rubinus,-20.4371726,-54.5373988,2017-08-21
Pyrocephalus rubinus,-17.335176,-56.673877,2017-08-18
Pyrocephalus rubinus,-20.196049,-55.9279834,2017-08-13
Pyrocephalus rubinus,-19.5556653,-57.0386124,2017-08-21
Pyrocephalus rubinus,-20.4368299,-54.557141,2017-08-13
Pyrocephalus rubinus,-20.196049,-55.9279834,2017-08-13
Pyrocephalus rubinus,-20.4546841,-54.5773208,2017-08-22
Pyrocephalus rubinus,-20.4546841,-54.5773208,2017-08-22
Pyrocephalus rubinus,-20.196049,-55.9279834,2017-08-13
Pyrocephalus rubinus,-20.0857721,-56.6153791,2017-09-12
Pyrocephalus rubinus,-20.0857721,-56.6153791,2017-09-30
Pyrocephalus rubinus,-20.455513,-54.568129,2017-09-03
Pyrocephalus rubinus,-20.2361708,-54.9319594,2017-09-17
Pyrocephalus rubinus,-20.2361708,-54.9319594,2017-09-17
Pyrocephalus rubinus,-20.455513,-54.568129,2017-09-03
Pyrocephalus rubinus,-20.0857721,-56.6153791,2017-09-30
Pyrocephalus rubinus,-17.314949,-56.718257,2017-09-04
Pyrocephalus rubinus,-20.2361708,-54.9319594,2017-09-02
Pyrocephalus rubinus,-20.4554429,-54.5680874,2017-09-03
Pyrocephalus rubinus,-20.0956205,-55.9648456,2017-09-15
Pyrocephalus rubinus,-20.0857721,-56.6153791,2017-09-30
Pyrocephalus rubinus,-20.0857721,-56.6153791,2017-09-29
Pyrocephalus rubinus,-20.2361708,-54.9319594,2017-09-02
Pyrocephalus rubinus,-20.0857721,-56.6153791,2017-09-28
Pyrocephalus rubinus,-20.0857721,-56.6153791,2017-09-28
Pyrocephalus rubinus,-17.4582005,-56.8232417,2017-09-03
Pyrocephalus rubinus,-19.9526426,-56.3044081,2017-09-10
Pyrocephalus rubinus,-17.314949,-56.718257,2017-09-04
Pyrocephalus rubinus,-20.0857721,-56.6153791,2017-09-29
Pyrocephalus rubinus,-20.0857721,-56.6153791,2017-09-28
Pyrocephalus rubinus,-20.0857721,-56.6153791,2017-09-29
Pyrocephalus rubinus,-19.5556653,-57.0386124,2018-01-14
Pyrocephalus rubinus,-20.0956205,-55.9648456,2018-04-28
Pyrocephalus rubinus,-20.4776026,-55.790965,2018-04-28
Pyrocephalus rubinus,-20.4776026,-55.790965,2018-04-28
Pyrocephalus rubinus,-18.7874842,-52.9454944,2018-05-16
Pyrocephalus rubinus,-20.4546841,-54.5773208,2018-05-26
Pyrocephalus rubinus,-20.5012743,-54.6536057,2018-05-05
Pyrocephalus rubinus,-20.227099,-54.926043,2018-05-31
Pyrocephalus rubinus,-18.7857778,-52.9852216,2018-05-16
Pyrocephalus rubinus,-20.4985741,-54.6536867,2018-05-18
Pyrocephalus rubinus,-18.8425134,-52.9025814,2018-05-18
Pyrocephalus rubinus,-20.5012743,-54.6536057,2018-05-05
Pyrocephalus rubinus,-21.100436,-56.4734387,2018-05-05
Pyrocephalus rubinus,-21.4803865,-56.4097025,2018-06-17
Pyrocephalus rubinus,-20.3089718,-55.8460379,2018-06-22
Pyrocephalus rubinus,-19.5556653,-57.0386124,2018-06-20
Pyrocephalus rubinus,-19.5556653,-57.0386124,2018-06-21
Pyrocephalus rubinus,-22.2775158,-55.0444775,2018-06-19
Pyrocephalus rubinus,-20.0956205,-55.9648456,2018-06-19
Pyrocephalus rubinus,-19.5556653,-57.0386124,2018-06-22
Pyrocephalus rubinus,-20.0956205,-55.9648456,2018-06-20
Pyrocephalus rubinus,-20.3089718,-55.8460379,2018-06-22
Pyrocephalus rubinus,-22.2592439,-55.1267461,2018-06-19
Pyrocephalus rubinus,-20.4340535,-54.5356549,2018-06-10
Pyrocephalus rubinus,-19.5772183,-56.1508656,2018-06-21
Pyrocephalus rubinus,-19.253333,-57.368889,2018-06-23
Pyrocephalus rubinus,-21.1263734,-56.4849629,2018-06-17
Pyrocephalus rubinus,-19.9526426,-56.3044081,2018-06-23
Pyrocephalus rubinus,-20.4368299,-54.557141,2018-06-10
Pyrocephalus rubinus,-20.118534,-55.966252,2018-07-04
Pyrocephalus rubinus,-17.32172,-56.693288,2018-07-13
Pyrocephalus rubinus,-17.314949,-56.718257,2018-07-08
Pyrocephalus rubinus,-17.32172,-56.693288,2018-07-16
Pyrocephalus rubinus,-20.118534,-55.966252,2018-07-04
Pyrocephalus rubinus,-21.649147,-52.291089,2018-07-23
Pyrocephalus rubinus,-17.4582005,-56.8232417,2018-07-08
Pyrocephalus rubinus,-17.4582005,-56.8232417,2018-07-07
Pyrocephalus rubinus,-20.3089718,-55.8460379,2018-07-02
Pyrocephalus rubinus,-21.64871,-52.291244,2018-07-25
Pyrocephalus rubinus,-19.964725,-56.315957,2018-07-01
Pyrocephalus rubinus,-20.118534,-55.966252,2018-07-04
Pyrocephalus rubinus,-17.314949,-56.718257,2018-07-04
Pyrocephalus rubinus,-17.4582005,-56.8232417,2018-07-07
Pyrocephalus rubinus,-20.3089718,-55.8460379,2018-07-02
Pyrocephalus rubinus,-20.1931398,-55.9328622,2018-07-03
Pyrocephalus rubinus,-20.1931398,-55.9328622,2018-07-03
Pyrocephalus rubinus,-20.3089718,-55.8460379,2018-07-02
Pyrocephalus rubinus,-17.32172,-56.693288,2018-07-15
Pyrocephalus rubinus,-17.314949,-56.718257,2018-07-08
Pyrocephalus rubinus,-19.9526426,-56.3044081,2018-07-12
Pyrocephalus rubinus,-17.4582005,-56.8232417,2018-07-08
Pyrocephalus rubinus,-20.1931398,-55.9328622,2018-07-03
Pyrocephalus rubinus,-17.314949,-56.718257,2018-07-08
Pyrocephalus rubinus,-19.0350744,-57.3733983,2018-07-22
Pyrocephalus rubinus,-17.4582005,-56.8232417,2018-07-07
Pyrocephalus rubinus,-17.4582005,-56.8232417,2018-07-08
Pyrocephalus rubinus,-17.4582005,-56.8232417,2018-07-08
Pyrocephalus rubinus,-20.4546841,-54.5773208,2018-07-27
Pyrocephalus rubinus,-17.6126182,-54.7451652,2018-07-27
Pyrocephalus rubinus,-17.4582005,-56.8232417,2018-07-22
Pyrocephalus rubinus,-20.1931398,-55.9328622,2018-07-03
Pyrocephalus rubinus,-17.4582005,-56.8232417,2018-07-07
Pyrocephalus rubinus,-20.6197582,-52.4588346,2018-07-04
Pyrocephalus rubinus,-20.118534,-55.966252,2018-07-04
Pyrocephalus rubinus,-17.314949,-56.718257,2018-07-08
Pyrocephalus rubinus,-20.3089718,-55.8460379,2018-07-02
Pyrocephalus rubinus,-20.095621,-55.964846,2018-07-27
Pyrocephalus rubinus,-19.9526426,-56.3044081,2018-07-15
Pyrocephalus rubinus,-17.314949,-56.718257,2018-08-26
Pyrocephalus rubinus,-20.0956205,-55.9648456,2018-08-30
Pyrocephalus rubinus,-21.4725217,-56.4389917,2018-08-29
Pyrocephalus rubinus,-21.7075184,-57.8767911,2018-08-19
Pyrocephalus rubinus,-19.0124225,-57.6799082,2018-08-11
Pyrocephalus rubinus,-22.7793638,-54.6577895,2018-08-02
Pyrocephalus rubinus,-18.4470693,-57.3988984,2018-08-26
Pyrocephalus rubinus,-18.4858288,-53.2004552,2018-08-15
Pyrocephalus rubinus,-19.5772183,-56.1508656,2018-08-10
Pyrocephalus rubinus,-17.3215732,-56.6932924,2018-08-04
Pyrocephalus rubinus,-20.0956205,-55.9648456,2018-08-13
Pyrocephalus rubinus,-19.0154491,-57.6889092,2018-08-25
Pyrocephalus rubinus,-20.0956205,-55.9648456,2018-08-03
Pyrocephalus rubinus,-20.4546841,-54.5773208,2018-08-25
Pyrocephalus rubinus,-17.314949,-56.718257,2018-08-24
Pyrocephalus rubinus,-18.7849426,-52.9456302,2018-08-22
Pyrocephalus rubinus,-20.4838261,-54.7931025,2018-08-12
Pyrocephalus rubinus,-17.314949,-56.718257,2018-08-26
Pyrocephalus rubinus,-17.831426,-57.553609,2018-08-20
Pyrocephalus rubinus,-20.196213,-55.927831,2018-08-05
Pyrocephalus rubinus,-17.831426,-57.553609,2018-08-21
Pyrocephalus rubinus,-17.4125998,-56.5517696,2018-08-12
Pyrocephalus rubinus,-20.0956205,-55.9648456,2018-08-30
Pyrocephalus rubinus,-20.0956205,-55.9648456,2018-08-04
Pyrocephalus rubinus,-17.314949,-56.718257,2018-08-24
Pyrocephalus rubinus,-18.1238493,-57.4158456,2018-08-25
Pyrocephalus rubinus,-17.314949,-56.718257,2018-08-26
Pyrocephalus rubinus,-17.314949,-56.718257,2018-08-22
Pyrocephalus rubinus,-20.0956205,-55.9648456,2018-08-26
Pyrocephalus rubinus,-21.7009826,-57.8488572,2018-08-18
Pyrocephalus rubinus,-20.522408,-54.53987,2018-08-19
Pyrocephalus rubinus,-17.4582005,-56.8232417,2018-08-07
Pyrocephalus rubinus,-20.0956205,-55.9648456,2018-08-16
Pyrocephalus rubinus,-20.0857721,-56.6153791,2018-09-10
Pyrocephalus rubinus,-20.7370382,-56.873119,2018-09-07
Pyrocephalus rubinus,-19.4009595,-57.0402297,2018-09-06
Pyrocephalus rubinus,-20.3859037,-54.6082499,2018-09-16
Pyrocephalus rubinus,-21.4918073,-56.4031649,2018-09-08
Pyrocephalus rubinus,-18.3417574,-52.8012149,2018-09-08
Pyrocephalus rubinus,-20.0857721,-56.6153791,2018-09-11
Pyrocephalus rubinus,-21.48443,-56.160781,2018-10-06
Pyrocephalus rubinus,-20.227099,-54.926043,2018-10-06
Pyrocephalus rubinus,-21.48443,-56.160781,2018-10-06
Pyrocephalus rubinus,-20.5042095,-54.6138096,2018-10-06
Pyrocephalus rubinus,-20.5042095,-54.6138096,2018-10-06
Pyrocephalus rubinus,-20.5042095,-54.6138096,2018-10-06
Pyrocephalus rubinus,-21.1263734,-56.4849629,2018-11-24
Pyrocephalus rubinus,-19.95431,-56.3042772,2018-12-01
Pyrocephalus rubinus,-19.9526426,-56.3044081,2019-01-19
Pyrocephalus rubinus,-21.7194188,-57.8832019,2019-04-30
Pyrocephalus rubinus,-22.7895999,-54.664015,2019-04-17
Pyrocephalus rubinus,-21.7194188,-57.8832019,2019-04-30
Pyrocephalus rubinus,-19.9526426,-56.3044081,2019-05-04
Pyrocephalus rubinus,-20.4808211,-54.576198,2019-05-04
Pyrocephalus rubinus,-22.5529245,-55.6938503,2019-05-21
Pyrocephalus rubinus,-20.5042095,-54.6138096,2019-05-28
Pyrocephalus rubinus,-19.9526426,-56.3044081,2019-05-04
Pyrocephalus rubinus,-19.9526426,-56.3044081,2019-05-04
Pyrocephalus rubinus,-19.9526426,-56.3044081,2019-05-04
Pyrocephalus rubinus,-20.5329602,-54.6570019,2019-05-04
Pyrocephalus rubinus,-18.8358279,-52.9145739,2019-05-09
Pyrocephalus rubinus,-19.9526426,-56.3044081,2019-05-04
Pyrocephalus rubinus,-19.9526426,-56.3044081,2019-05-04
Pyrocephalus rubinus,-21.5190052,-56.4589531,2019-05-04
Pyrocephalus rubinus,-19.9526426,-56.3044081,2019-05-04
Pyrocephalus rubinus,-19.9526426,-56.3044081,2019-05-04
Pyrocephalus rubinus,-19.9526426,-56.3044081,2019-05-04
Pyrocephalus rubinus,-20.3854616,-54.6082237,2019-05-04
Pyrocephalus rubinus,-20.5225968,-54.6597766,2019-05-04
Pyrocephalus rubinus,-19.9526426,-56.3044081,2019-05-04
Pyrocephalus rubinus,-19.9526426,-56.3044081,2019-05-04
Pyrocephalus rubinus,-21.4483953,-56.1501548,2019-05-04
Pyrocephalus rubinus,-19.4937906,-56.9573092,2019-05-26
Pyrocephalus rubinus,-20.5048696,-54.618175,2019-05-29
Pyrocephalus rubinus,-19.9526426,-56.3044081,2019-05-04
Pyrocephalus rubinus,-19.9526426,-56.3044081,2019-05-02
Pyrocephalus rubinus,-20.0956205,-55.9648456,2019-06-26
Pyrocephalus rubinus,-20.195186,-55.91752,2019-06-28
Pyrocephalus rubinus,-20.195186,-55.91752,2019-06-28
Pyrocephalus rubinus,-20.0956205,-55.9648456,2019-06-05
Pyrocephalus rubinus,-20.0956205,-55.9648456,2019-06-05
Pyrocephalus rubinus,-19.576429,-57.030685,2019-06-15
Pyrocephalus rubinus,-20.0956205,-55.9648456,2019-06-25
Pyrocephalus rubinus,-20.0956205,-55.9648456,2019-06-25
Pyrocephalus rubinus,-20.5043615,-55.8499194,2019-06-01
Pyrocephalus rubinus,-20.0956205,-55.9648456,2019-06-25
Pyrocephalus rubinus,-20.0956205,-55.9648456,2019-06-02
Pyrocephalus rubinus,-20.0956205,-55.9648456,2019-06-26
Pyrocephalus rubinus,-21.577763,-53.7878619,2019-06-23
Pyrocephalus rubinus,-20.3138207,-55.9023281,2019-06-04
Pyrocephalus rubinus,-20.0956205,-55.9648456,2019-06-02
Pyrocephalus rubinus,-20.4752802,-55.7604949,2019-06-09
Pyrocephalus rubinus,-21.577763,-53.7878619,2019-06-23
Pyrocephalus rubinus,-20.0956205,-55.9648456,2019-06-01
Pyrocephalus rubinus,-20.5043615,-55.8499194,2019-06-01
Pyrocephalus rubinus,-21.7007544,-57.8484204,2019-06-13
Pyrocephalus rubinus,-20.0956205,-55.9648456,2019-06-26
Pyrocephalus rubinus,-19.576817,-57.018983,2019-06-02
Pyrocephalus rubinus,-20.0956205,-55.9648456,2019-06-01
Pyrocephalus rubinus,-20.3138207,-55.9023281,2019-06-04
Pyrocephalus rubinus,-20.195186,-55.91752,2019-06-28
Pyrocephalus rubinus,-20.0956205,-55.9648456,2019-07-19
Pyrocephalus rubinus,-17.314949,-56.718257,2019-07-23
Pyrocephalus rubinus,-20.0956205,-55.9648456,2019-07-27
Pyrocephalus rubinus,-20.0857721,-56.6153791,2019-07-30
Pyrocephalus rubinus,-20.4952066,-54.7977998,2019-07-13
Pyrocephalus rubinus,-17.314949,-56.718257,2019-07-23
Pyrocephalus rubinus,-19.95431,-56.3042772,2019-07-07
Pyrocephalus rubinus,-20.0857721,-56.6153791,2019-07-19
Pyrocephalus rubinus,-20.0857721,-56.6153791,2019-07-19
Pyrocephalus rubinus,-20.0956205,-55.9648456,2019-07-19
Pyrocephalus rubinus,-20.0857721,-56.6153791,2019-07-19
Pyrocephalus rubinus,-17.321678,-56.693399,2019-07-26
Pyrocephalus rubinus,-20.0857721,-56.6153791,2019-07-19
Pyrocephalus rubinus,-17.321678,-56.693399,2019-07-26
Pyrocephalus rubinus,-17.4582005,-56.8232417,2019-07-27
Pyrocephalus rubinus,-20.0956205,-55.9648456,2019-07-04
Pyrocephalus rubinus,-20.0956205,-55.9648456,2019-07-19
Pyrocephalus rubinus,-20.0956205,-55.9648456,2019-07-19
Pyrocephalus rubinus,-17.314949,-56.718257,2019-07-23
Pyrocephalus rubinus,-17.321878,-56.693486,2019-07-17
Pyrocephalus rubinus,-20.0956205,-55.9648456,2019-07-18
Pyrocephalus rubinus,-20.4546841,-54.5773208,2019-07-27
Pyrocephalus rubinus,-20.0857721,-56.6153791,2019-07-19
Pyrocephalus rubinus,-19.95431,-56.3042772,2019-07-08
Pyrocephalus rubinus,-17.314949,-56.718257,2019-07-23
Pyrocephalus rubinus,-17.314949,-56.718257,2019-07-23
Pyrocephalus rubinus,-17.314949,-56.718257,2019-07-24
Pyrocephalus rubinus,-20.0956205,-55.9648456,2019-07-19
Pyrocephalus rubinus,-19.964725,-56.315957,2019-07-15
Pyrocephalus rubinus,-17.321728,-56.693386,2019-07-17
Pyrocephalus rubinus,-20.0956205,-55.9648456,2019-07-03
Pyrocephalus rubinus,-20.0956205,-55.9648456,2019-07-19
Pyrocephalus rubinus,-20.0850536,-56.6141868,2019-07-28
Pyrocephalus rubinus,-20.0956205,-55.9648456,2019-07-03
Pyrocephalus rubinus,-20.0956205,-55.9648456,2019-07-20
Pyrocephalus rubinus,-20.7650468,-56.0944343,2019-07-28
Pyrocephalus rubinus,-17.413798,-56.550593,2019-08-01
Pyrocephalus rubinus,-20.470682,-55.7832098,2019-08-27
Pyrocephalus rubinus,-19.25696,-55.786518,2019-08-05
Pyrocephalus rubinus,-20.241196,-56.3724654,2019-08-15
Pyrocephalus rubinus,-20.230447,-56.39127,2019-08-12
Pyrocephalus rubinus,-18.4885479,-53.186653,2019-08-09
Pyrocephalus rubinus,-20.230447,-56.39127,2019-08-13
Pyrocephalus rubinus,-24.043563,-54.270125,2019-08-21
Pyrocephalus rubinus,-19.2441407,-55.2744846,2019-08-31
Pyrocephalus rubinus,-20.236734,-56.372051,2019-08-17
Pyrocephalus rubinus,-23.828734,-54.259478,2019-08-19
Pyrocephalus rubinus,-20.230447,-56.39127,2019-08-13
Pyrocephalus rubinus,-20.4546841,-54.5773208,2019-08-03
Pyrocephalus rubinus,-20.230447,-56.39127,2019-08-12
Pyrocephalus rubinus,-19.25696,-55.786518,2019-08-06
Pyrocephalus rubinus,-20.230447,-56.39127,2019-08-14
Pyrocephalus rubinus,-21.4685482,-56.1264199,2019-08-31
Pyrocephalus rubinus,-20.230447,-56.39127,2019-08-12
Pyrocephalus rubinus,-21.7007213,-57.8794539,2019-08-24
Pyrocephalus rubinus,-20.236734,-56.372051,2019-08-17
Pyrocephalus rubinus,-19.070346,-55.414848,2019-08-04
Pyrocephalus rubinus,-20.4546841,-54.5773208,2019-08-04
Pyrocephalus rubinus,-20.236734,-56.372051,2019-08-17
Pyrocephalus rubinus,-20.230447,-56.39127,2019-08-13
Pyrocephalus rubinus,-20.0857721,-56.6153791,2019-09-26
Pyrocephalus rubinus,-20.0956205,-55.9648456,2019-09-28
Pyrocephalus rubinus,-20.0956205,-55.9648456,2019-09-24
Pyrocephalus rubinus,-20.0956205,-55.9648456,2019-09-24
Pyrocephalus rubinus,-20.0956205,-55.9648456,2019-09-23
Pyrocephalus rubinus,-19.5769412,-57.0191406,2019-09-12
Pyrocephalus rubinus,-20.0956205,-55.9648456,2019-09-24
Pyrocephalus rubinus,-20.0857721,-56.6153791,2019-09-26
Pyrocephalus rubinus,-20.0857721,-56.6153791,2019-09-20
Pyrocephalus rubinus,-20.0956205,-55.9648456,2019-09-23
Pyrocephalus rubinus,-20.0956205,-55.9648456,2019-09-23
Pyrocephalus rubinus,-20.0956205,-55.9648456,2019-09-24
Pyrocephalus rubinus,-20.7864549,-51.7131542,2019-09-08
Pyrocephalus rubinus,-17.314949,-56.718257,2019-09-03
Pyrocephalus rubinus,-17.314949,-56.718257,2019-09-18
Pyrocephalus rubinus,-21.4613264,-56.4396617,2019-09-09
Pyrocephalus rubinus,-20.0857721,-56.6153791,2019-09-26
Pyrocephalus rubinus,-20.0956205,-55.9648456,2019-09-18
Pyrocephalus rubinus,-20.7864549,-51.7131542,2019-09-08
Pyrocephalus rubinus,-17.314949,-56.718257,2019-09-03
Pyrocephalus rubinus,-20.4325315,-54.8851885,2019-09-28
Pyrocephalus rubinus,-20.0857721,-56.6153791,2019-09-26
Pyrocephalus rubinus,-20.0956205,-55.9648456,2019-09-28
Pyrocephalus rubinus,-20.4325315,-54.8851885,2019-09-28
Pyrocephalus rubinus,-19.47067,-56.9101014,2019-09-12
Pyrocephalus rubinus,-20.0857721,-56.6153791,2019-09-21
Pyrocephalus rubinus,-20.0956205,-55.9648456,2019-09-24
Pyrocephalus rubinus,-20.4325315,-54.8851885,2019-09-28
Pyrocephalus rubinus,-20.0956205,-55.9648456,2019-09-23
Pyrocephalus rubinus,-20.0857721,-56.6153791,2019-09-25
Pyrocephalus rubinus,-20.4325315,-54.8851885,2019-09-28
Pyrocephalus rubinus,-19.47067,-56.9101014,2019-09-14
Pyrocephalus rubinus,-20.4961205,-55.798437,2019-10-19
Pyrocephalus rubinus,-20.1039727,-56.3295189,2020-02-28
Pyrocephalus rubinus,-22.7794859,-54.6582724,2020-04-07
Pyrocephalus rubinus,-18.7850262,-52.9456953,2020-04-15
Pyrocephalus rubinus,-19.9526426,-56.3044081,2020-04-09
Pyrocephalus rubinus,-19.9526426,-56.3044081,2020-04-08
Pyrocephalus rubinus,-19.9526426,-56.3044081,2020-04-24
Pyrocephalus rubinus,-16.2252236,-56.0687256,1986-08-19
Pyrocephalus rubinus,-16.7842068,-56.844017,1989-09-06
Pyrocephalus rubinus,-16.3276352,-56.6422462,1990-06-18
Pyrocephalus rubinus,-17,-57,1990-06-20
Pyrocephalus rubinus,-16.3276352,-56.6422462,1990-06-18
Pyrocephalus rubinus,-17,-57,1990-06-21
Pyrocephalus rubinus,-17,-57,1990-06-20
Pyrocephalus rubinus,-17,-57,1990-06-21
Pyrocephalus rubinus,-16.7480953,-56.857471,1990-09-02
Pyrocephalus rubinus,-17.3645242,-56.7751122,1990-09-01
Pyrocephalus rubinus,-17.1174301,-56.9291611,1992-08-15
Pyrocephalus rubinus,-16.4569228,-56.69135,1994-09-04
Pyrocephalus rubinus,-15.651883,-56.1217341,1994-09-25
Pyrocephalus rubinus,-17.3645242,-56.7751122,1994-09-11
Pyrocephalus rubinus,-9.6406571,-55.9315848,1994-09-21
Pyrocephalus rubinus,-16.7480953,-56.857471,1994-09-09
Pyrocephalus rubinus,-17.3645242,-56.7751122,1994-09-10
Pyrocephalus rubinus,-16.5030776,-56.7453337,1995-08-13
Pyrocephalus rubinus,-16.5030776,-56.7453337,1995-08-15
Pyrocephalus rubinus,-16.7480953,-56.857471,1995-08-14
Pyrocephalus rubinus,-15.1694417,-56.8537824,1995-08-16
Pyrocephalus rubinus,-16.7480953,-56.857471,1995-09-20
Pyrocephalus rubinus,-16.3044881,-56.6329336,1996-08-27
Pyrocephalus rubinus,-16.3044881,-56.6329336,1996-09-04
Pyrocephalus rubinus,-16.7842068,-56.844017,1996-09-06
Pyrocephalus rubinus,-9.1587927,-60.7340784,1997-07-30
Pyrocephalus rubinus,-9.1587927,-60.7340784,1997-08-03
Pyrocephalus rubinus,-16.3775494,-56.6130711,1997-08-08
Pyrocephalus rubinus,-16.7842068,-56.844017,1999-08-06
Pyrocephalus rubinus,-16.7480953,-56.857471,1999-08-08
Pyrocephalus rubinus,-16.6206959,-56.7353135,1999-08-09
Pyrocephalus rubinus,-16.7480953,-56.857471,1999-08-08
Pyrocephalus rubinus,-16.4569228,-56.69135,1999-08-05
Pyrocephalus rubinus,-16.6206959,-56.7353135,1999-08-09
Pyrocephalus rubinus,-16.7842068,-56.844017,1999-08-07
Pyrocephalus rubinus,-16.7842068,-56.844017,1999-08-06
Pyrocephalus rubinus,-16.7842068,-56.844017,1999-08-07
Pyrocephalus rubinus,-16.4569228,-56.69135,1999-08-05
Pyrocephalus rubinus,-16.6206959,-56.7353135,2000-09-05
Pyrocephalus rubinus,-16.7479566,-56.8570536,2000-09-07
Pyrocephalus rubinus,-16.6206959,-56.7353135,2000-09-06
Pyrocephalus rubinus,-16.571,-56.723,2001-06-15
Pyrocephalus rubinus,-16.406895,-56.669912,2001-06-28
Pyrocephalus rubinus,-16.7480953,-56.857471,2001-06-30
Pyrocephalus rubinus,-16.406895,-56.669912,2001-06-28
Pyrocephalus rubinus,-16.7480953,-56.857471,2001-06-29
Pyrocephalus rubinus,-16.7480953,-56.857471,2001-06-29
Pyrocephalus rubinus,-16.7480953,-56.857471,2001-06-30
Pyrocephalus rubinus,-16.7842068,-56.844017,2001-07-01
Pyrocephalus rubinus,-16.7842068,-56.844017,2001-07-01
Pyrocephalus rubinus,-16.7480953,-56.857471,2001-07-26
Pyrocephalus rubinus,-16.7480953,-56.857471,2001-07-02
Pyrocephalus rubinus,-16.3786111,-56.6208333,2001-07-25
Pyrocephalus rubinus,-16.7480953,-56.857471,2001-07-02
Pyrocephalus rubinus,-16.371533,-56.4697266,2001-07-26
Pyrocephalus rubinus,-16.5058721,-56.3585381,2001-09-22
Pyrocephalus rubinus,-15.5793273,-56.1049461,2002-05-26
Pyrocephalus rubinus,-16.7581146,-56.8772335,2002-06-04
Pyrocephalus rubinus,-16.338343,-55.833378,2002-07-13
Pyrocephalus rubinus,-16.7480953,-56.857471,2002-08-13
Pyrocephalus rubinus,-12.2326548,-55.0909424,2002-10-30
Pyrocephalus rubinus,-15.4580275,-55.764636,2003-06-21
Pyrocephalus rubinus,-16.7480953,-56.857471,2003-07-05
Pyrocephalus rubinus,-16.7480953,-56.857471,2003-07-03
Pyrocephalus rubinus,-15.6961775,-55.8926439,2003-08-28
Pyrocephalus rubinus,-16.6356806,-56.8038268,2003-08-14
Pyrocephalus rubinus,-16.6356806,-56.8038268,2003-08-15
Pyrocephalus rubinus,-16.6356806,-56.8038268,2003-08-13
Pyrocephalus rubinus,-17.0257651,-56.9592533,2003-09-14
Pyrocephalus rubinus,-16.3088514,-56.6365004,2003-09-16
Pyrocephalus rubinus,-16.9008364,-56.8471527,2003-09-13
Pyrocephalus rubinus,-16.348136,-56.6452718,2003-09-12
Pyrocephalus rubinus,-16.5122067,-56.7116076,2004-07-09
Pyrocephalus rubinus,-16.4569228,-56.69135,2004-08-06
Pyrocephalus rubinus,-16.4569228,-56.69135,2004-09-19
Pyrocephalus rubinus,-16.5030776,-56.7453337,2004-09-19
Pyrocephalus rubinus,-16.7581146,-56.8772335,2004-09-20
Pyrocephalus rubinus,-16.5030776,-56.7453337,2004-09-18
Pyrocephalus rubinus,-16.4569228,-56.69135,2004-09-21
Pyrocephalus rubinus,-16.7581146,-56.8772335,2004-09-22
Pyrocephalus rubinus,-16.5030776,-56.7453337,2004-09-23
Pyrocephalus rubinus,-17.197308,-56.75668,2005-04-21
Pyrocephalus rubinus,-16.559247,-56.757016,2005-04-20
Pyrocephalus rubinus,-16.7581146,-56.8772335,2005-04-20
Pyrocephalus rubinus,-17.1174301,-56.9291611,2005-04-19
Pyrocephalus rubinus,-17.31732,-56.756328,2005-04-19
Pyrocephalus rubinus,-16.5030776,-56.7453337,2005-04-21
Pyrocephalus rubinus,-16.7480953,-56.857471,2005-06-12
Pyrocephalus rubinus,-16.7480953,-56.857471,2005-06-11
Pyrocephalus rubinus,-16.7842068,-56.844017,2005-07-11
Pyrocephalus rubinus,-17.1174301,-56.9291611,2005-07-21
Pyrocephalus rubinus,-16.7842068,-56.844017,2005-07-12
Pyrocephalus rubinus,-17.1174301,-56.9291611,2005-07-22
Pyrocephalus rubinus,-16.6940787,-56.7663574,2005-07-23
Pyrocephalus rubinus,-15.1694417,-56.8537824,2005-07-10
Pyrocephalus rubinus,-16.6940787,-56.7663574,2005-07-21
Pyrocephalus rubinus,-16.6940787,-56.7663574,2005-07-22
Pyrocephalus rubinus,-16.4808867,-56.6925952,2005-08-14
Pyrocephalus rubinus,-16.3786111,-56.6208333,2005-08-12
Pyrocephalus rubinus,-16.4808867,-56.6925952,2005-08-16
Pyrocephalus rubinus,-16.3786111,-56.6208333,2005-08-12
Pyrocephalus rubinus,-16.4808867,-56.6925952,2005-08-15
Pyrocephalus rubinus,-16.4808867,-56.6925952,2005-08-13
Pyrocephalus rubinus,-16.7480953,-56.857471,2005-09-07
Pyrocephalus rubinus,-16.7480953,-56.857471,2005-09-05
Pyrocephalus rubinus,-16.345982,-55.8630431,2005-09-14
Pyrocephalus rubinus,-16.7480953,-56.857471,2005-09-04
Pyrocephalus rubinus,-16.7480953,-56.857471,2005-10-07
Pyrocephalus rubinus,-16.7480953,-56.857471,2005-10-09
Pyrocephalus rubinus,-16.3177122,-56.6403408,2006-07-29
Pyrocephalus rubinus,-16.3786111,-56.6208333,2006-07-04
Pyrocephalus rubinus,-9.8327213,-56.3165617,2006-08-18
Pyrocephalus rubinus,-10.6815259,-56.5447426,2006-09-08
Pyrocephalus rubinus,-16.4887,-56.6934,2006-10-08
Pyrocephalus rubinus,-16.3786111,-56.6208333,2007-06-19
Pyrocephalus rubinus,-16.5030776,-56.7453337,2007-06-20
Pyrocephalus rubinus,-16.3786111,-56.6208333,2007-06-12
Pyrocephalus rubinus,-16.3786111,-56.6208333,2007-06-19
Pyrocephalus rubinus,-16.6641508,-56.7931366,2007-06-20
Pyrocephalus rubinus,-16.7438933,-56.8606853,2007-06-21
Pyrocephalus rubinus,-9.6332163,-55.9393262,2007-06-13
Pyrocephalus rubinus,-16.7581146,-56.8772335,2007-06-21
Pyrocephalus rubinus,-17.1027162,-56.9430464,2007-07-14
Pyrocephalus rubinus,-9.6332163,-55.9393262,2007-08-11
Pyrocephalus rubinus,-16.7581146,-56.8772335,2007-09-24
Pyrocephalus rubinus,-16.7581146,-56.8772335,2007-09-24
Pyrocephalus rubinus,-16.4569228,-56.69135,2007-09-23
Pyrocephalus rubinus,-16.7581146,-56.8772335,2007-09-25
Pyrocephalus rubinus,-16.3786111,-56.6208333,2007-09-23
Pyrocephalus rubinus,-16.7581146,-56.8772335,2007-09-23
Pyrocephalus rubinus,-15.1694417,-56.8537824,2007-10-01
Pyrocephalus rubinus,-16.345982,-55.8630431,2008-04-14
Pyrocephalus rubinus,-16.345982,-55.8630431,2008-04-14
Pyrocephalus rubinus,-17.1027162,-56.9430464,2008-05-09
Pyrocephalus rubinus,-16.5122399,-56.7117691,2008-07-05
Pyrocephalus rubinus,-17.365132,-56.774826,2008-07-10
Pyrocephalus rubinus,-16.5309251,-56.6907342,2008-07-03
Pyrocephalus rubinus,-16.5122399,-56.7117691,2008-07-04
Pyrocephalus rubinus,-16.5122399,-56.7117691,2008-07-02
Pyrocephalus rubinus,-16.3786111,-56.6208333,2008-08-15
Pyrocephalus rubinus,-9.5972613,-55.9311079,2008-08-11
Pyrocephalus rubinus,-15.4580275,-55.764636,2008-08-21
Pyrocephalus rubinus,-9.5972613,-55.9311079,2008-08-11
Pyrocephalus rubinus,-16.7842068,-56.844017,2008-08-16
Pyrocephalus rubinus,-16.6206959,-56.7353135,2008-08-16
Pyrocephalus rubinus,-16.7842068,-56.844017,2008-08-17
Pyrocephalus rubinus,-16.2737172,-56.6243935,2008-08-20
Pyrocephalus rubinus,-16.4569228,-56.69135,2008-08-18
Pyrocephalus rubinus,-15.9213681,-56.43857,2008-08-14
Pyrocephalus rubinus,-16.3786111,-56.6208333,2008-08-15
Pyrocephalus rubinus,-17.1174301,-56.9291611,2008-08-17
Pyrocephalus rubinus,-15.9213681,-56.43857,2008-08-14
Pyrocephalus rubinus,-16.7842068,-56.844017,2008-08-18
Pyrocephalus rubinus,-16.6206959,-56.7353135,2008-08-16
Pyrocephalus rubinus,-17.1174301,-56.9291611,2008-08-17
Pyrocephalus rubinus,-16.4569228,-56.69135,2008-08-18
Pyrocephalus rubinus,-16.7581146,-56.8772335,2008-09-14
Pyrocephalus rubinus,-16.7581146,-56.8772335,2008-09-12
Pyrocephalus rubinus,-16.3786111,-56.6208333,2008-09-29
Pyrocephalus rubinus,-16.4080932,-56.596756,2008-09-15
Pyrocephalus rubinus,-9.6410307,-55.9382629,2008-09-07
Pyrocephalus rubinus,-16.3786111,-56.6208333,2008-09-28
Pyrocephalus rubinus,-16.7581146,-56.8772335,2008-09-30
Pyrocephalus rubinus,-16.7581146,-56.8772335,2008-09-13
Pyrocephalus rubinus,-16.7581146,-56.8772335,2008-09-12
Pyrocephalus rubinus,-15.4764835,-55.7585871,2008-09-16
Pyrocephalus rubinus,-16.7581146,-56.8772335,2008-09-30
Pyrocephalus rubinus,-9.5972613,-55.9311079,2008-09-07
Pyrocephalus rubinus,-16.3786111,-56.6208333,2008-09-28
Pyrocephalus rubinus,-16.3786111,-56.6208333,2008-09-28
Pyrocephalus rubinus,-16.3786111,-56.6208333,2008-09-16
Pyrocephalus rubinus,-16.7581146,-56.8772335,2008-09-30
Pyrocephalus rubinus,-16.3786111,-56.6208333,2008-09-29
Pyrocephalus rubinus,-16.5122399,-56.7117691,2008-09-14
Pyrocephalus rubinus,-9.8552161,-54.8822021,2008-09-11
Pyrocephalus rubinus,-16.7581146,-56.8772335,2008-10-02
Pyrocephalus rubinus,-16.7581146,-56.8772335,2008-10-01
Pyrocephalus rubinus,-16.7842068,-56.844017,2008-10-02
Pyrocephalus rubinus,-16.7581146,-56.8772335,2008-10-01
Pyrocephalus rubinus,-16.7842068,-56.844017,2008-10-02
Pyrocephalus rubinus,-16.3786111,-56.6208333,2009-04-26
Pyrocephalus rubinus,-16.7581146,-56.8772335,2009-06-30
Pyrocephalus rubinus,-16.7581146,-56.8772335,2009-06-29
Pyrocephalus rubinus,-16.7480953,-56.857471,2009-06-28
Pyrocephalus rubinus,-15.6237716,-56.0863209,2009-06-27
Pyrocephalus rubinus,-15.0079331,-59.9457321,2009-06-15
Pyrocephalus rubinus,-16.406895,-56.669912,2009-06-13
Pyrocephalus rubinus,-16.5122399,-56.7117691,2009-06-29
Pyrocephalus rubinus,-16.5030776,-56.7453337,2009-07-14
Pyrocephalus rubinus,-9.6332163,-55.9393262,2009-07-04
Pyrocephalus rubinus,-16.7581146,-56.8772335,2009-07-01
Pyrocephalus rubinus,-16.7581146,-56.8772335,2009-07-01
Pyrocephalus rubinus,-16.345982,-55.8630431,2009-07-21
Pyrocephalus rubinus,-16.6206959,-56.7353135,2009-08-09
Pyrocephalus rubinus,-16.3786111,-56.6208333,2009-08-04
Pyrocephalus rubinus,-15.0079331,-59.9457321,2009-08-16
Pyrocephalus rubinus,-16.3786111,-56.6208333,2009-08-03
Pyrocephalus rubinus,-15.5565127,-56.0058469,2009-09-12
Pyrocephalus rubinus,-15.0079331,-59.9457321,2009-09-02
Pyrocephalus rubinus,-16.2914718,-56.6294146,2010-05-29
Pyrocephalus rubinus,-16.7581146,-56.8772335,2010-07-07
Pyrocephalus rubinus,-17.2826279,-56.6988087,2010-07-22
Pyrocephalus rubinus,-9.6331301,-55.9401941,2010-07-02
Pyrocephalus rubinus,-16.7581146,-56.8772335,2010-07-04
Pyrocephalus rubinus,-16.4569228,-56.69135,2010-07-18
Pyrocephalus rubinus,-16.4569228,-56.69135,2010-07-19
Pyrocephalus rubinus,-17.2826279,-56.6988087,2010-07-20
Pyrocephalus rubinus,-16.3786111,-56.6208333,2010-07-05
Pyrocephalus rubinus,-16.4569228,-56.69135,2010-07-19
Pyrocephalus rubinus,-17.2826279,-56.6988087,2010-07-21
Pyrocephalus rubinus,-17.2826279,-56.6988087,2010-07-20
Pyrocephalus rubinus,-16.6206959,-56.7353135,2010-07-20
Pyrocephalus rubinus,-17.2826279,-56.6988087,2010-07-21
Pyrocephalus rubinus,-16.6206959,-56.7353135,2010-07-20
Pyrocephalus rubinus,-16.7581146,-56.8772335,2010-07-03
Pyrocephalus rubinus,-17.2826279,-56.6988087,2010-07-22
Pyrocephalus rubinus,-16.4569228,-56.69135,2010-07-06
Pyrocephalus rubinus,-17.2826279,-56.6988087,2010-07-21
Pyrocephalus rubinus,-17.1174301,-56.9291611,2010-07-22
Pyrocephalus rubinus,-17.1174301,-56.9291611,2010-07-20
Pyrocephalus rubinus,-17.2826279,-56.6988087,2010-07-22
Pyrocephalus rubinus,-16.6206959,-56.7353135,2010-07-19
Pyrocephalus rubinus,-17.1174301,-56.9291611,2010-07-22
Pyrocephalus rubinus,-17.1174301,-56.9291611,2010-07-22
Pyrocephalus rubinus,-17.2826279,-56.6988087,2010-07-20
Pyrocephalus rubinus,-16.6206959,-56.7353135,2010-07-19
Pyrocephalus rubinus,-16.7581146,-56.8772335,2010-07-06
Pyrocephalus rubinus,-16.4569228,-56.69135,2010-07-19
Pyrocephalus rubinus,-16.6206959,-56.7353135,2010-07-19
Pyrocephalus rubinus,-16.4569228,-56.69135,2010-07-18
Pyrocephalus rubinus,-17.1174301,-56.9291611,2010-07-20
Pyrocephalus rubinus,-16.7581146,-56.8772335,2010-07-05
Pyrocephalus rubinus,-16.6206959,-56.7353135,2010-07-20
Pyrocephalus rubinus,-9.4490618,-56.3598633,2010-07-29
Pyrocephalus rubinus,-17.1174301,-56.9291611,2010-07-20
Pyrocephalus rubinus,-9.5972613,-55.9311079,2010-07-29
Pyrocephalus rubinus,-16.4569228,-56.69135,2010-08-02
Pyrocephalus rubinus,-16.5414304,-56.7663574,2010-08-10
Pyrocephalus rubinus,-17.1174301,-56.9291611,2010-08-06
Pyrocephalus rubinus,-16.4569228,-56.69135,2010-08-03
Pyrocephalus rubinus,-16.7842068,-56.844017,2010-08-04
Pyrocephalus rubinus,-17.1174301,-56.9291611,2010-08-07
Pyrocephalus rubinus,-16.5122399,-56.7117691,2010-08-17
Pyrocephalus rubinus,-16.3786111,-56.6208333,2010-08-19
Pyrocephalus rubinus,-17.1174301,-56.9291611,2010-08-05
Pyrocephalus rubinus,-16.7842068,-56.844017,2010-08-04
Pyrocephalus rubinus,-16.4569228,-56.69135,2010-08-04
Pyrocephalus rubinus,-17.1174301,-56.9291611,2010-08-05
Pyrocephalus rubinus,-16.3786111,-56.6208333,2010-08-03
Pyrocephalus rubinus,-17.1174301,-56.9291611,2010-08-07
Pyrocephalus rubinus,-16.4569228,-56.69135,2010-08-05
Pyrocephalus rubinus,-17.1174301,-56.9291611,2010-08-06
Pyrocephalus rubinus,-16.7295914,-56.8089294,2010-08-09
Pyrocephalus rubinus,-16.3786111,-56.6208333,2010-08-02
Pyrocephalus rubinus,-16.3786111,-56.6208333,2010-08-18
Pyrocephalus rubinus,-16.4569228,-56.69135,2010-08-16
Pyrocephalus rubinus,-16.71867,-56.83525,2010-09-01
Pyrocephalus rubinus,-16.5122399,-56.7117691,2010-09-26
Pyrocephalus rubinus,-16.0904338,-52.8312242,2010-09-16
Pyrocephalus rubinus,-17.3645242,-56.7751122,2010-09-02
Pyrocephalus rubinus,-17.3551005,-56.7720222,2010-09-17
Pyrocephalus rubinus,-16.3786111,-56.6208333,2010-09-22
Pyrocephalus rubinus,-16.70098,-56.84333,2010-09-01
Pyrocephalus rubinus,-16.34529,-55.86404,2010-09-05
Pyrocephalus rubinus,-16.4569228,-56.69135,2010-10-11
Pyrocephalus rubinus,-16.3786111,-56.6208333,2011-04-27
Pyrocephalus rubinus,-16.5122399,-56.7117691,2011-04-30
Pyrocephalus rubinus,-16.3786111,-56.6208333,2011-04-28
Pyrocephalus rubinus,-16.64406,-56.77075,2011-04-28
Pyrocephalus rubinus,-16.7581146,-56.8772335,2011-04-29
Pyrocephalus rubinus,-16.4569228,-56.69135,2011-05-01
Pyrocephalus rubinus,-16.5122399,-56.7117691,2011-05-15
Pyrocephalus rubinus,-16.5122399,-56.7117691,2011-05-16
Pyrocephalus rubinus,-15.4580275,-55.764636,2011-05-03
Pyrocephalus rubinus,-16.3788415,-56.6212499,2011-06-10
Pyrocephalus rubinus,-16.6202916,-56.7353113,2011-06-11
Pyrocephalus rubinus,-16.3788415,-56.6212499,2011-06-09
Pyrocephalus rubinus,-16.6202916,-56.7353113,2011-06-12
Pyrocephalus rubinus,-15.6105342,-56.0653567,2011-06-06
Pyrocephalus rubinus,-15.6105342,-56.0653567,2011-06-07
Pyrocephalus rubinus,-16.3788415,-56.6212499,2011-06-08
Pyrocephalus rubinus,-16.7775599,-56.850432,2011-07-11
Pyrocephalus rubinus,-7.3608722,-58.1379318,2011-07-14
Pyrocephalus rubinus,-15.4255537,-55.7799311,2011-08-11
Pyrocephalus rubinus,-16.5122399,-56.7117691,2011-08-14
Pyrocephalus rubinus,-16.7480953,-56.857471,2011-08-21
Pyrocephalus rubinus,-16.7480953,-56.857471,2011-08-23
Pyrocephalus rubinus,-17.3645242,-56.7751122,2011-08-22
Pyrocephalus rubinus,-16.3786111,-56.6208333,2011-08-21
Pyrocephalus rubinus,-9.6332163,-55.9393262,2011-08-16
Pyrocephalus rubinus,-9.5972613,-55.9311079,2011-08-15
Pyrocephalus rubinus,-17.3645242,-56.7751122,2011-08-23
Pyrocephalus rubinus,-16.3786111,-56.6208333,2011-08-19
Pyrocephalus rubinus,-16.3786111,-56.6208333,2011-08-20
Pyrocephalus rubinus,-16.7555929,-56.8755935,2011-08-24
Pyrocephalus rubinus,-17.2826279,-56.6988087,2011-08-22
Pyrocephalus rubinus,-9.6332163,-55.9393262,2011-08-20
Pyrocephalus rubinus,-9.5585522,-55.913018,2011-08-15
Pyrocephalus rubinus,-9.6332163,-55.9393262,2011-08-11
Pyrocephalus rubinus,-16.3786111,-56.6208333,2011-08-20
Pyrocephalus rubinus,-17.3645242,-56.7751122,2011-08-09
Pyrocephalus rubinus,-9.5972613,-55.9311079,2011-09-20
Pyrocephalus rubinus,-16.4569228,-56.69135,2011-09-19
Pyrocephalus rubinus,-9.6332163,-55.9393262,2011-09-22
Pyrocephalus rubinus,-16.3786111,-56.6208333,2011-09-12
Pyrocephalus rubinus,-17.3645242,-56.7751122,2011-09-15
Pyrocephalus rubinus,-17.3645242,-56.7751122,2011-09-14
Pyrocephalus rubinus,-9.6332163,-55.9393262,2011-09-25
Pyrocephalus rubinus,-16.7480953,-56.857471,2011-09-18
Pyrocephalus rubinus,-16.4569228,-56.69135,2011-10-01
Pyrocephalus rubinus,-17.0038009,-56.7856951,2012-06-28
Pyrocephalus rubinus,-17.0038009,-56.7856951,2012-06-28
Pyrocephalus rubinus,-17.1174301,-56.9291611,2012-06-11
Pyrocephalus rubinus,-16.6462563,-56.8296404,2012-06-27
Pyrocephalus rubinus,-16.4569228,-56.69135,2012-06-21
Pyrocephalus rubinus,-16.730445,-56.7197771,2012-06-26
Pyrocephalus rubinus,-9.7843763,-55.7419939,2012-06-22
Pyrocephalus rubinus,-16.7581146,-56.8772335,2012-06-12
Pyrocephalus rubinus,-16.5030776,-56.7453337,2012-06-14
Pyrocephalus rubinus,-16.522537,-56.6758318,2012-06-29
Pyrocephalus rubinus,-16.6462563,-56.8296404,2012-06-27
Pyrocephalus rubinus,-9.7843763,-55.7419939,2012-06-22
Pyrocephalus rubinus,-16.730445,-56.7197771,2012-06-26
Pyrocephalus rubinus,-16.477768,-56.6538592,2012-06-26
Pyrocephalus rubinus,-16.522537,-56.6758318,2012-06-29
Pyrocephalus rubinus,-16.4569228,-56.69135,2012-06-10
Pyrocephalus rubinus,-16.477768,-56.6538592,2012-06-26
Pyrocephalus rubinus,-17.2826279,-56.6988087,2012-06-12
Pyrocephalus rubinus,-17.0038009,-56.7856951,2012-06-29
Pyrocephalus rubinus,-17.0038009,-56.7856951,2012-06-29
Pyrocephalus rubinus,-17.2826279,-56.6988087,2012-06-13
Pyrocephalus rubinus,-17.1174301,-56.9291611,2012-06-13
Pyrocephalus rubinus,-16.345982,-55.8630431,2012-07-08
Pyrocephalus rubinus,-9.7843226,-56.0355708,2012-07-23
Pyrocephalus rubinus,-16.345982,-55.8630431,2012-07-08
Pyrocephalus rubinus,-15.4580275,-55.764636,2012-07-23
Pyrocephalus rubinus,-16.3786111,-56.6208333,2012-07-29
Pyrocephalus rubinus,-15.6206107,-57.9659445,2012-07-05
Pyrocephalus rubinus,-15.260837,-58.4526402,2012-07-27
Pyrocephalus rubinus,-15.6206107,-57.9659445,2012-07-07
Pyrocephalus rubinus,-15.3301904,-58.5779544,2012-07-25
Pyrocephalus rubinus,-16.3786111,-56.6208333,2012-07-30
Pyrocephalus rubinus,-16.345982,-55.8630431,2012-07-08
Pyrocephalus rubinus,-17.2826279,-56.6988087,2012-08-01
Pyrocephalus rubinus,-16.3786111,-56.6208333,2012-08-12
Pyrocephalus rubinus,-17.1174301,-56.9291611,2012-08-10
Pyrocephalus rubinus,-16.4569228,-56.69135,2012-08-13
Pyrocephalus rubinus,-16.5123524,-56.7117685,2012-08-22
Pyrocephalus rubinus,-16.7581146,-56.8772335,2012-08-08
Pyrocephalus rubinus,-16.570503,-56.727147,2012-08-05
Pyrocephalus rubinus,-16.5122399,-56.7117691,2012-08-12
Pyrocephalus rubinus,-16.3786111,-56.6208333,2012-08-13
Pyrocephalus rubinus,-16.7480953,-56.857471,2012-08-13
Pyrocephalus rubinus,-14.8671151,-55.5426324,2012-08-12
Pyrocephalus rubinus,-16.5123524,-56.7117685,2012-08-20
Pyrocephalus rubinus,-16.3786111,-56.6208333,2012-08-14
Pyrocephalus rubinus,-16.7480953,-56.857471,2012-08-14
Pyrocephalus rubinus,-17.2826279,-56.6988087,2012-08-10
Pyrocephalus rubinus,-16.7480953,-56.857471,2012-08-09
Pyrocephalus rubinus,-15.6078,-56.1102,2012-08-04
Pyrocephalus rubinus,-13.5407027,-56.6315174,2012-08-01
Pyrocephalus rubinus,-16.7581146,-56.8772335,2012-08-02
Pyrocephalus rubinus,-16.7581146,-56.8772335,2012-08-03
Pyrocephalus rubinus,-12.8357366,-52.3832846,2012-09-02
Pyrocephalus rubinus,-16.5028049,-56.7452379,2012-09-08
Pyrocephalus rubinus,-17.3645242,-56.7751122,2012-09-18
Pyrocephalus rubinus,-16.6062513,-56.7215813,2012-09-07
Pyrocephalus rubinus,-17.3645242,-56.7751122,2012-09-17
Pyrocephalus rubinus,-16.3786111,-56.6208333,2012-09-03
Pyrocephalus rubinus,-17.3645242,-56.7751122,2012-09-06
Pyrocephalus rubinus,-16.7480953,-56.857471,2012-09-14
Pyrocephalus rubinus,-15.4580275,-55.764636,2012-09-24
Pyrocephalus rubinus,-16.4569228,-56.69135,2012-09-16
Pyrocephalus rubinus,-17.3645242,-56.7751122,2012-09-20
Pyrocephalus rubinus,-17.3645242,-56.7751122,2012-10-11
Pyrocephalus rubinus,-17.3645242,-56.7751122,2012-10-11
Pyrocephalus rubinus,-15.5008606,-60.0836009,2013-04-30
Pyrocephalus rubinus,-16.5030776,-56.7453337,2013-05-20
Pyrocephalus rubinus,-16.512029,-56.7118979,2013-05-13
Pyrocephalus rubinus,-17.1174301,-56.9291611,2013-05-23
Pyrocephalus rubinus,-16.7581146,-56.8772335,2013-05-24
Pyrocephalus rubinus,-17.1174301,-56.9291611,2013-05-23
Pyrocephalus rubinus,-9.5972613,-55.9311079,2013-05-28
Pyrocephalus rubinus,-9.6332163,-55.9393262,2013-05-15
Pyrocephalus rubinus,-17.3645242,-56.7751122,2013-05-22
Pyrocephalus rubinus,-16.512029,-56.7118979,2013-05-12
Pyrocephalus rubinus,-16.6196209,-56.7346988,2013-06-18
Pyrocephalus rubinus,-16.2916238,-56.5829557,2013-06-10
Pyrocephalus rubinus,-16.3882313,-56.5896033,2013-06-25
Pyrocephalus rubinus,-16.7842068,-56.844017,2013-06-17
Pyrocephalus rubinus,-16.2916238,-56.5829557,2013-06-12
Pyrocephalus rubinus,-16.5122399,-56.7117691,2013-06-15
Pyrocephalus rubinus,-16.5122399,-56.7117691,2013-06-19
Pyrocephalus rubinus,-16.5030776,-56.7453337,2013-06-26
Pyrocephalus rubinus,-16.5122399,-56.7117691,2013-06-16
Pyrocephalus rubinus,-16.7842068,-56.844017,2013-06-17
Pyrocephalus rubinus,-17.3645242,-56.7751122,2013-06-28
Pyrocephalus rubinus,-16.3882313,-56.5896033,2013-06-25
Pyrocephalus rubinus,-16.5122399,-56.7117691,2013-06-15
Pyrocephalus rubinus,-16.4521523,-56.6770402,2013-06-25
Pyrocephalus rubinus,-17.3645242,-56.7751122,2013-06-28
Pyrocephalus rubinus,-16.6196209,-56.7346988,2013-06-18
Pyrocephalus rubinus,-16.5122399,-56.7117691,2013-06-19
Pyrocephalus rubinus,-16.5122399,-56.7117691,2013-06-16
Pyrocephalus rubinus,-16.5044313,-56.6752026,2013-06-28
Pyrocephalus rubinus,-16.2916238,-56.5829557,2013-06-11
Pyrocephalus rubinus,-16.5030776,-56.7453337,2013-07-29
Pyrocephalus rubinus,-16.6199081,-56.7360592,2013-07-30
Pyrocephalus rubinus,-16.5030776,-56.7453337,2013-07-30
Pyrocephalus rubinus,-16.3786111,-56.6208333,2013-07-21
Pyrocephalus rubinus,-17.3061326,-56.7165542,2013-07-12
Pyrocephalus rubinus,-16.4569228,-56.69135,2013-07-22
Pyrocephalus rubinus,-16.7581146,-56.8772335,2013-07-27
Pyrocephalus rubinus,-16.788153,-56.849438,2013-07-31
Pyrocephalus rubinus,-16.3786111,-56.6208333,2013-07-31
Pyrocephalus rubinus,-16.3786111,-56.6208333,2013-07-30
Pyrocephalus rubinus,-16.3786111,-56.6208333,2013-07-15
Pyrocephalus rubinus,-17.3061326,-56.7165542,2013-07-13
Pyrocephalus rubinus,-17.3645242,-56.7751122,2013-07-06
Pyrocephalus rubinus,-16.5030776,-56.7453337,2013-08-15
Pyrocephalus rubinus,-16.7581146,-56.8772335,2013-08-04
Pyrocephalus rubinus,-16.4569228,-56.69135,2013-08-11
Pyrocephalus rubinus,-16.4569228,-56.69135,2013-08-29
Pyrocephalus rubinus,-17.1174301,-56.9291611,2013-08-28
Pyrocephalus rubinus,-16.5030776,-56.7453337,2013-08-14
Pyrocephalus rubinus,-9.6332163,-55.9393262,2013-08-04
Pyrocephalus rubinus,-16.4569228,-56.69135,2013-08-27
Pyrocephalus rubinus,-16.6206959,-56.7353135,2013-08-11
Pyrocephalus rubinus,-16.4569228,-56.69135,2013-08-31
Pyrocephalus rubinus,-17.1174301,-56.9291611,2013-08-29
Pyrocephalus rubinus,-9.5972613,-55.9311079,2013-08-27
Pyrocephalus rubinus,-16.3786111,-56.6208333,2013-08-06
Pyrocephalus rubinus,-9.5972613,-55.9311079,2013-08-18
Pyrocephalus rubinus,-17.1027162,-56.9430464,2013-08-12
Pyrocephalus rubinus,-17.2992208,-56.8381275,2013-08-04
Pyrocephalus rubinus,-17.3061326,-56.7165542,2013-08-14
Pyrocephalus rubinus,-16.7479566,-56.8570536,2013-08-12
Pyrocephalus rubinus,-16.3786111,-56.6208333,2013-08-02
Pyrocephalus rubinus,-16.4569228,-56.69135,2013-08-28
Pyrocephalus rubinus,-9.5972613,-55.9311079,2013-08-07
Pyrocephalus rubinus,-16.5414,-57.052,2013-09-22
Pyrocephalus rubinus,-16.7480953,-56.857471,2013-09-10
Pyrocephalus rubinus,-16.3786111,-56.6208333,2013-09-06
Pyrocephalus rubinus,-16.4569228,-56.69135,2013-09-12
Pyrocephalus rubinus,-17.3310637,-56.5949482,2013-09-10
Pyrocephalus rubinus,-17.3645242,-56.7751122,2013-09-23
Pyrocephalus rubinus,-16.345982,-55.8630431,2013-09-12
Pyrocephalus rubinus,-16.4569228,-56.69135,2013-09-07
Pyrocephalus rubinus,-16.7480953,-56.857471,2013-09-16
Pyrocephalus rubinus,-9.5972613,-55.9311079,2013-09-19
Pyrocephalus rubinus,-9.5972613,-55.9311079,2013-09-08
Pyrocephalus rubinus,-16.3786111,-56.6208333,2013-09-12
Pyrocephalus rubinus,-17.1174301,-56.9291611,2013-09-09
Pyrocephalus rubinus,-17.2826279,-56.6988087,2013-09-22
Pyrocephalus rubinus,-16.4569228,-56.69135,2013-09-07
Pyrocephalus rubinus,-9.5972613,-55.9311079,2013-09-15
Pyrocephalus rubinus,-16.3786111,-56.6208333,2013-09-05
Pyrocephalus rubinus,-16.5414,-57.052,2013-09-14
Pyrocephalus rubinus,-17.3645242,-56.7751122,2013-09-14
Pyrocephalus rubinus,-16.345982,-55.8630431,2013-09-12
Pyrocephalus rubinus,-16.3786111,-56.6208333,2013-09-06
Pyrocephalus rubinus,-16.3786111,-56.6208333,2013-09-12
Pyrocephalus rubinus,-16.345982,-55.8630431,2013-09-13
Pyrocephalus rubinus,-16.6206959,-56.7353135,2013-09-08
Pyrocephalus rubinus,-9.5972613,-55.9311079,2013-09-15
Pyrocephalus rubinus,-17.1174301,-56.9291611,2013-09-21
Pyrocephalus rubinus,-16.7842068,-56.844017,2013-09-22
Pyrocephalus rubinus,-17.2992208,-56.8381275,2013-09-24
Pyrocephalus rubinus,-16.7842068,-56.844017,2013-09-24
Pyrocephalus rubinus,-16.6206959,-56.7353135,2013-09-23
Pyrocephalus rubinus,-17.3645242,-56.7751122,2013-09-17
Pyrocephalus rubinus,-16.7842068,-56.844017,2013-09-09
Pyrocephalus rubinus,-16.345982,-55.8630431,2013-09-26
Pyrocephalus rubinus,-17.2992208,-56.8381275,2013-09-22
Pyrocephalus rubinus,-16.6206959,-56.7353135,2013-09-22
Pyrocephalus rubinus,-16.345982,-55.8630431,2013-09-25
Pyrocephalus rubinus,-17.3645242,-56.7751122,2013-09-23
Pyrocephalus rubinus,-17.2826279,-56.6988087,2013-09-11
Pyrocephalus rubinus,-13.81916,-57.31515,2013-09-17
Pyrocephalus rubinus,-16.7842068,-56.844017,2013-09-09
Pyrocephalus rubinus,-17.1174301,-56.9291611,2013-09-07
Pyrocephalus rubinus,-16.7006556,-56.8422318,2013-09-30
Pyrocephalus rubinus,-16.6206959,-56.7353135,2013-09-08
Pyrocephalus rubinus,-16.7842068,-56.844017,2013-09-22
Pyrocephalus rubinus,-16.709526,-54.276005,2013-09-14
Pyrocephalus rubinus,-16.7842068,-56.844017,2013-09-24
Pyrocephalus rubinus,-9.597694,-55.931196,2013-09-08
Pyrocephalus rubinus,-16.7480953,-56.857471,2013-09-15
Pyrocephalus rubinus,-9.633614,-55.938961,2013-09-08
Pyrocephalus rubinus,-17.3310637,-56.5949482,2013-09-10
Pyrocephalus rubinus,-16.7480953,-56.857471,2013-09-09
Pyrocephalus rubinus,-16.4569228,-56.69135,2013-09-11
Pyrocephalus rubinus,-16.5980297,-56.7526674,2013-09-06
Pyrocephalus rubinus,-16.3786111,-56.6208333,2013-09-17
Pyrocephalus rubinus,-16.709526,-54.276005,2013-09-14
Pyrocephalus rubinus,-17.2826279,-56.6988087,2013-09-12
Pyrocephalus rubinus,-15.6446789,-56.238864,2013-10-11
Pyrocephalus rubinus,-17.3645242,-56.7751122,2013-10-01
Pyrocephalus rubinus,-16.5122399,-56.7117691,2013-10-13
Pyrocephalus rubinus,-16.7006556,-56.8422318,2013-10-02
Pyrocephalus rubinus,-15.6446789,-56.238864,2013-10-11
Pyrocephalus rubinus,-16.345982,-55.8630431,2014-04-03
Pyrocephalus rubinus,-15.4255537,-55.7799311,2014-04-29
Pyrocephalus rubinus,-15.447369,-55.738499,2014-04-27
Pyrocephalus rubinus,-15.447369,-55.738499,2014-04-27
Pyrocephalus rubinus,-15.642392,-56.110637,2014-04-29
Pyrocephalus rubinus,-15.642392,-56.110637,2014-04-29
Pyrocephalus rubinus,-9.5972613,-55.9311079,2014-05-21
Pyrocephalus rubinus,-16.3786111,-56.6208333,2014-05-28
Pyrocephalus rubinus,-16.3786111,-56.6208333,2014-05-29
Pyrocephalus rubinus,-16.3786111,-56.6208333,2014-05-07
Pyrocephalus rubinus,-9.5972613,-55.9311079,2014-05-02
Pyrocephalus rubinus,-9.5972613,-55.9311079,2014-05-02
Pyrocephalus rubinus,-16.5030776,-56.7453337,2014-05-08
Pyrocephalus rubinus,-16.5030776,-56.7453337,2014-06-23
Pyrocephalus rubinus,-17.4260247,-56.836229,2014-06-19
Pyrocephalus rubinus,-16.4521523,-56.6770402,2014-06-18
Pyrocephalus rubinus,-9.5972613,-55.9311079,2014-06-19
Pyrocephalus rubinus,-9.8778813,-56.0866041,2014-07-31
Pyrocephalus rubinus,-16.7480953,-56.857471,2014-07-16
Pyrocephalus rubinus,-16.75011,-56.85837,2014-07-15
Pyrocephalus rubinus,-16.3786111,-56.6208333,2014-07-02
Pyrocephalus rubinus,-16.3786111,-56.6208333,2014-07-13
Pyrocephalus rubinus,-16.7581146,-56.8772335,2014-07-05
Pyrocephalus rubinus,-17.2826279,-56.6988087,2014-07-06
Pyrocephalus rubinus,-16.6206959,-56.7353135,2014-07-04
Pyrocephalus rubinus,-16.6206959,-56.7353135,2014-07-04
Pyrocephalus rubinus,-16.7842068,-56.844017,2014-07-16
Pyrocephalus rubinus,-16.419112,-56.670295,2014-07-03
Pyrocephalus rubinus,-16.3786111,-56.6208333,2014-07-13
Pyrocephalus rubinus,-16.345982,-55.8630431,2014-07-23
Pyrocephalus rubinus,-16.65231,-56.77387,2014-07-18
Pyrocephalus rubinus,-16.6206959,-56.7353135,2014-07-04
Pyrocephalus rubinus,-16.7480953,-56.857471,2014-07-15
Pyrocephalus rubinus,-16.4088,-56.67045,2014-07-04
Pyrocephalus rubinus,-9.8778813,-56.0866041,2014-07-31
Pyrocephalus rubinus,-16.3786111,-56.6208333,2014-07-02
Pyrocephalus rubinus,-16.4569228,-56.69135,2014-07-04
Pyrocephalus rubinus,-17.2826279,-56.6988087,2014-07-07
Pyrocephalus rubinus,-17.2826279,-56.6988087,2014-07-06
Pyrocephalus rubinus,-16.3638,-56.64546,2014-07-14
Pyrocephalus rubinus,-16.4569228,-56.69135,2014-07-14
Pyrocephalus rubinus,-16.7581146,-56.8772335,2014-07-05
Pyrocephalus rubinus,-16.419112,-56.670295,2014-07-03
Pyrocephalus rubinus,-16.7480953,-56.857471,2014-07-15
Pyrocephalus rubinus,-17.2826279,-56.6988087,2014-07-07
Pyrocephalus rubinus,-16.7581146,-56.8772335,2014-08-17
Pyrocephalus rubinus,-16.6206959,-56.7353135,2014-08-11
Pyrocephalus rubinus,-16.5030776,-56.7453337,2014-08-13
Pyrocephalus rubinus,-16.5122399,-56.7117691,2014-08-12
Pyrocephalus rubinus,-16.5030776,-56.7453337,2014-08-16
Pyrocephalus rubinus,-15.4255537,-55.7799311,2014-08-15
Pyrocephalus rubinus,-16.5122399,-56.7117691,2014-08-14
Pyrocephalus rubinus,-16.6206959,-56.7353135,2014-08-19
Pyrocephalus rubinus,-17.1174301,-56.9291611,2014-08-14
Pyrocephalus rubinus,-16.4569228,-56.69135,2014-08-15
Pyrocephalus rubinus,-15.437765,-55.7893805,2014-08-25
Pyrocephalus rubinus,-17.2826279,-56.6988087,2014-08-13
Pyrocephalus rubinus,-16.7581146,-56.8772335,2014-08-29
Pyrocephalus rubinus,-16.7581146,-56.8772335,2014-08-16
Pyrocephalus rubinus,-16.7842068,-56.844017,2014-08-07
Pyrocephalus rubinus,-17.3645242,-56.7751122,2014-08-09
Pyrocephalus rubinus,-16.5030776,-56.7453337,2014-08-25
Pyrocephalus rubinus,-17.2826279,-56.6988087,2014-08-13
Pyrocephalus rubinus,-17.3645242,-56.7751122,2014-08-09
Pyrocephalus rubinus,-16.5414,-57.052,2014-08-01
Pyrocephalus rubinus,-16.5122399,-56.7117691,2014-08-13
Pyrocephalus rubinus,-16.5030776,-56.7453337,2014-08-13
Pyrocephalus rubinus,-16.5122399,-56.7117691,2014-08-14
Pyrocephalus rubinus,-17.2826279,-56.6988087,2014-08-19
Pyrocephalus rubinus,-16.5122399,-56.7117691,2014-08-14
Pyrocephalus rubinus,-17.1174301,-56.9291611,2014-08-14
Pyrocephalus rubinus,-9.6332163,-55.9393262,2014-08-24
Pyrocephalus rubinus,-16.870314,-56.8315887,2014-08-17
Pyrocephalus rubinus,-17.1174301,-56.9291611,2014-08-10
Pyrocephalus rubinus,-16.5030776,-56.7453337,2014-08-16
Pyrocephalus rubinus,-17.3645242,-56.7751122,2014-08-08
Pyrocephalus rubinus,-17.1174301,-56.9291611,2014-08-22
Pyrocephalus rubinus,-17.2826279,-56.6988087,2014-08-08
Pyrocephalus rubinus,-16.3786111,-56.6208333,2014-08-17
Pyrocephalus rubinus,-17.3645242,-56.7751122,2014-08-09
Pyrocephalus rubinus,-16.5030776,-56.7453337,2014-08-16
Pyrocephalus rubinus,-16.6178218,-56.7380762,2014-08-11
Pyrocephalus rubinus,-16.5030776,-56.7453337,2014-08-15
Pyrocephalus rubinus,-16.5030776,-56.7453337,2014-08-15
Pyrocephalus rubinus,-17.1174301,-56.9291611,2014-08-27
Pyrocephalus rubinus,-16.4569228,-56.69135,2014-08-16
Pyrocephalus rubinus,-16.7581146,-56.8772335,2014-08-16
Pyrocephalus rubinus,-16.7842068,-56.844017,2014-08-07
Pyrocephalus rubinus,-16.5122399,-56.7117691,2014-08-13
Pyrocephalus rubinus,-16.3786111,-56.6208333,2014-08-18
Pyrocephalus rubinus,-17.2826279,-56.6988087,2014-08-13
Pyrocephalus rubinus,-16.4569228,-56.69135,2014-08-27
Pyrocephalus rubinus,-16.5030776,-56.7453337,2014-08-13
Pyrocephalus rubinus,-16.5122399,-56.7117691,2014-08-13
Pyrocephalus rubinus,-16.7842068,-56.844017,2014-08-27
Pyrocephalus rubinus,-16.3786111,-56.6208333,2014-08-22
Pyrocephalus rubinus,-9.6332163,-55.9393262,2014-08-15
Pyrocephalus rubinus,-16.4569228,-56.69135,2014-08-22
Pyrocephalus rubinus,-16.5122399,-56.7117691,2014-08-12
Pyrocephalus rubinus,-17.1174301,-56.9291611,2014-08-13
Pyrocephalus rubinus,-16.3786111,-56.6208333,2014-08-23
Pyrocephalus rubinus,-16.4569228,-56.69135,2014-08-15
Pyrocephalus rubinus,-17.2826279,-56.6988087,2014-08-21
Pyrocephalus rubinus,-16.6178218,-56.7380762,2014-08-11
Pyrocephalus rubinus,-16.7581146,-56.8772335,2014-08-30
Pyrocephalus rubinus,-16.7581146,-56.8772335,2014-08-16
Pyrocephalus rubinus,-17.1174301,-56.9291611,2014-08-13
Pyrocephalus rubinus,-17.1174301,-56.9291611,2014-08-14
Pyrocephalus rubinus,-16.5030776,-56.7453337,2014-08-24
Pyrocephalus rubinus,-17.1174301,-56.9291611,2014-08-10
Pyrocephalus rubinus,-17.3645242,-56.7751122,2014-08-08
Pyrocephalus rubinus,-17.2826279,-56.6988087,2014-08-14
Pyrocephalus rubinus,-17.3645242,-56.7751122,2014-08-08
Pyrocephalus rubinus,-17.3645242,-56.7751122,2014-08-28
Pyrocephalus rubinus,-17.2826279,-56.6988087,2014-08-14
Pyrocephalus rubinus,-17.3645242,-56.7751122,2014-08-20
Pyrocephalus rubinus,-17.2826279,-56.6988087,2014-08-14
Pyrocephalus rubinus,-16.5122399,-56.7117691,2014-08-12
Pyrocephalus rubinus,-17.1174301,-56.9291611,2014-08-13
Pyrocephalus rubinus,-17.3645242,-56.7751122,2014-08-19
Pyrocephalus rubinus,-16.5030776,-56.7453337,2014-08-15
Pyrocephalus rubinus,-17.2826279,-56.6988087,2014-08-20
Pyrocephalus rubinus,-16.7842068,-56.844017,2014-08-14
Pyrocephalus rubinus,-16.6206959,-56.7353135,2014-08-21
Pyrocephalus rubinus,-16.5122399,-56.7117691,2014-08-15
Pyrocephalus rubinus,-16.7480953,-56.857471,2014-09-02
Pyrocephalus rubinus,-16.5030776,-56.7453337,2014-09-17
Pyrocephalus rubinus,-16.5030776,-56.7453337,2014-09-01
Pyrocephalus rubinus,-9.5972613,-55.9311079,2014-09-01
Pyrocephalus rubinus,-16.7581146,-56.8772335,2014-09-03
Pyrocephalus rubinus,-16.7581146,-56.8772335,2014-09-06
Pyrocephalus rubinus,-9.5972613,-55.9311079,2014-09-12
Pyrocephalus rubinus,-17.2992208,-56.8381275,2014-09-10
Pyrocephalus rubinus,-16.5030776,-56.7453337,2014-09-03
Pyrocephalus rubinus,-16.3786111,-56.6208333,2014-09-11
Pyrocephalus rubinus,-9.7652276,-56.0309601,2014-09-01
Pyrocephalus rubinus,-16.5030776,-56.7453337,2014-09-22
Pyrocephalus rubinus,-16.7581146,-56.8772335,2014-09-02
Pyrocephalus rubinus,-16.4569228,-56.69135,2014-09-06
Pyrocephalus rubinus,-17.3645242,-56.7751122,2014-09-09
Pyrocephalus rubinus,-16.7581146,-56.8772335,2014-09-05
Pyrocephalus rubinus,-16.4569228,-56.69135,2014-09-06
Pyrocephalus rubinus,-17.3645242,-56.7751122,2014-09-04
Pyrocephalus rubinus,-16.7581146,-56.8772335,2014-09-04
Pyrocephalus rubinus,-17.2992208,-56.8381275,2014-09-08
Pyrocephalus rubinus,-16.7480953,-56.857471,2014-09-14
Pyrocephalus rubinus,-9.5972613,-55.9311079,2014-09-16
Pyrocephalus rubinus,-16.7480953,-56.857471,2014-09-01
Pyrocephalus rubinus,-17.3645242,-56.7751122,2014-09-05
Pyrocephalus rubinus,-17.3645242,-56.7751122,2014-09-11
Pyrocephalus rubinus,-9.7652276,-56.0309601,2014-09-01
Pyrocephalus rubinus,-17.2992208,-56.8381275,2014-09-08
Pyrocephalus rubinus,-9.6332163,-55.9393262,2014-10-01
Pyrocephalus rubinus,-16.7581146,-56.8772335,2014-10-09
Pyrocephalus rubinus,-16.7842068,-56.844017,2014-10-09
Pyrocephalus rubinus,-16.3786111,-56.6208333,2015-04-21
Pyrocephalus rubinus,-16.3538967,-56.6444725,2015-04-14
Pyrocephalus rubinus,-16.3786111,-56.6208333,2015-04-22
Pyrocephalus rubinus,-16.3786111,-56.6208333,2015-04-23
Pyrocephalus rubinus,-16.5122399,-56.7117691,2015-06-05
Pyrocephalus rubinus,-17.0713899,-56.9496918,2015-06-20
Pyrocephalus rubinus,-16.47674,-56.67558,2015-06-22
Pyrocephalus rubinus,-16.7480953,-56.857471,2015-06-19
Pyrocephalus rubinus,-15.4363405,-55.724802,2015-06-10
Pyrocephalus rubinus,-16.3786111,-56.6208333,2015-06-12
Pyrocephalus rubinus,-16.7480953,-56.857471,2015-06-19
Pyrocephalus rubinus,-16.5301579,-56.7163181,2015-06-18
Pyrocephalus rubinus,-16.50277,-56.74521,2015-06-18
Pyrocephalus rubinus,-16.5332023,-56.7175627,2015-06-22
Pyrocephalus rubinus,-16.6206959,-56.7353135,2015-06-20
Pyrocephalus rubinus,-16.3786111,-56.6208333,2015-06-17
Pyrocephalus rubinus,-16.3786111,-56.6208333,2015-06-28
Pyrocephalus rubinus,-16.3786111,-56.6208333,2015-06-28
Pyrocephalus rubinus,-17.3645242,-56.7751122,2015-06-28
Pyrocephalus rubinus,-16.47674,-56.67558,2015-06-23
Pyrocephalus rubinus,-17.3645242,-56.7751122,2015-06-21
Pyrocephalus rubinus,-15.4363405,-55.724802,2015-06-10
Pyrocephalus rubinus,-15.44761,-55.7382774,2015-06-14
Pyrocephalus rubinus,-16.50308,-56.74533,2015-06-19
Pyrocephalus rubinus,-16.3786111,-56.6208333,2015-06-17
Pyrocephalus rubinus,-16.3786111,-56.6208333,2015-06-24
Pyrocephalus rubinus,-16.745793,-56.8567677,2015-07-10
Pyrocephalus rubinus,-16.3786111,-56.6208333,2015-07-10
Pyrocephalus rubinus,-17.3645242,-56.7751122,2015-07-29
Pyrocephalus rubinus,-16.7480953,-56.857471,2015-07-26
Pyrocephalus rubinus,-16.5030776,-56.7453337,2015-07-25
Pyrocephalus rubinus,-16.745793,-56.8567677,2015-07-10
Pyrocephalus rubinus,-16.748298,-56.8576127,2015-07-11
Pyrocephalus rubinus,-16.3501066,-56.6448132,2015-07-10
Pyrocephalus rubinus,-16.3787915,-56.6216523,2015-07-09
Pyrocephalus rubinus,-17.3632827,-56.778011,2015-07-13
Pyrocephalus rubinus,-16.4569228,-56.69135,2015-07-10
Pyrocephalus rubinus,-11.5140774,-54.8662376,2015-07-03
Pyrocephalus rubinus,-17.3221759,-56.6756343,2015-07-17
Pyrocephalus rubinus,-14.7208475,-56.2836671,2015-07-31
Pyrocephalus rubinus,-16.7581146,-56.8772335,2015-07-19
Pyrocephalus rubinus,-16.745793,-56.8567677,2015-07-11
Pyrocephalus rubinus,-16.7480953,-56.857471,2015-07-25
Pyrocephalus rubinus,-15.4580275,-55.764636,2015-07-02
Pyrocephalus rubinus,-16.5122399,-56.7117691,2015-07-09
Pyrocephalus rubinus,-16.748298,-56.8576127,2015-07-11
Pyrocephalus rubinus,-15.4580275,-55.764636,2015-07-06
Pyrocephalus rubinus,-16.3786111,-56.6208333,2015-07-24
Pyrocephalus rubinus,-15.4739925,-55.6884182,2015-07-02
Pyrocephalus rubinus,-15.1694417,-56.8537824,2015-07-14
Pyrocephalus rubinus,-16.3786111,-56.6208333,2015-07-25
Pyrocephalus rubinus,-16.5044313,-56.6752026,2015-07-15
Pyrocephalus rubinus,-16.3787915,-56.6216523,2015-07-09
Pyrocephalus rubinus,-17.2847979,-56.862148,2015-07-14
Pyrocephalus rubinus,-17.2826279,-56.6988087,2015-07-09
Pyrocephalus rubinus,-17.3632827,-56.778011,2015-07-14
Pyrocephalus rubinus,-17.3645242,-56.7751122,2015-08-17
Pyrocephalus rubinus,-17.3645242,-56.7751122,2015-08-17
Pyrocephalus rubinus,-16.4569228,-56.69135,2015-08-09
Pyrocephalus rubinus,-16.4569228,-56.69135,2015-08-29
Pyrocephalus rubinus,-16.7480953,-56.857471,2015-08-09
Pyrocephalus rubinus,-16.7773492,-57.6742636,2015-08-16
Pyrocephalus rubinus,-16.5030776,-56.7453337,2015-08-26
Pyrocephalus rubinus,-17.2826279,-56.6988087,2015-08-12
Pyrocephalus rubinus,-16.7842068,-56.844017,2015-08-20
Pyrocephalus rubinus,-16.7842068,-56.844017,2015-08-26
Pyrocephalus rubinus,-17.2826279,-56.6988087,2015-08-12
Pyrocephalus rubinus,-16.7006556,-56.8422318,2015-08-13
Pyrocephalus rubinus,-16.5779875,-56.7202637,2015-08-16
Pyrocephalus rubinus,-17.2826279,-56.6988087,2015-08-12
Pyrocephalus rubinus,-17.2826279,-56.6988087,2015-08-12
Pyrocephalus rubinus,-17.2826279,-56.6988087,2015-08-04
Pyrocephalus rubinus,-16.8750959,-57.508439,2015-08-15
Pyrocephalus rubinus,-17.2826279,-56.6988087,2015-08-11
Pyrocephalus rubinus,-15.6355594,-56.062932,2015-08-29
Pyrocephalus rubinus,-17.2826279,-56.6988087,2015-08-11
Pyrocephalus rubinus,-17.3645242,-56.7751122,2015-08-15
Pyrocephalus rubinus,-16.4569228,-56.69135,2015-08-07
Pyrocephalus rubinus,-16.7842068,-56.844017,2015-08-26
Pyrocephalus rubinus,-16.7480953,-56.857471,2015-08-20
Pyrocephalus rubinus,-17.2826279,-56.6988087,2015-08-27
Pyrocephalus rubinus,-16.7842068,-56.844017,2015-08-26
Pyrocephalus rubinus,-15.6355594,-56.062932,2015-08-29
Pyrocephalus rubinus,-17.3645242,-56.7751122,2015-08-17
Pyrocephalus rubinus,-16.5030776,-56.7453337,2015-08-13
Pyrocephalus rubinus,-17.2826279,-56.6988087,2015-08-11
Pyrocephalus rubinus,-16.7006556,-56.8422318,2015-08-13
Pyrocephalus rubinus,-17.2826279,-56.6988087,2015-08-27
Pyrocephalus rubinus,-16.5980297,-56.7526674,2015-08-07
Pyrocephalus rubinus,-16.5779875,-56.7202637,2015-08-16
Pyrocephalus rubinus,-16.7006556,-56.8422318,2015-08-13
Pyrocephalus rubinus,-17.3645242,-56.7751122,2015-08-14
Pyrocephalus rubinus,-17.3645242,-56.7751122,2015-08-17
Pyrocephalus rubinus,-17.3645242,-56.7751122,2015-08-18
Pyrocephalus rubinus,-16.7842068,-56.844017,2015-08-26
Pyrocephalus rubinus,-17.2826279,-56.6988087,2015-08-12
Pyrocephalus rubinus,-17.2992208,-56.8381275,2015-08-10
Pyrocephalus rubinus,-16.503248,-56.646154,2015-08-08
Pyrocephalus rubinus,-16.5044204,-56.7051172,2015-08-15
Pyrocephalus rubinus,-16.5030776,-56.7453337,2015-08-26
Pyrocephalus rubinus,-16.7773492,-57.6742636,2015-08-17
Pyrocephalus rubinus,-16.3786111,-56.6208333,2015-08-10
Pyrocephalus rubinus,-17.3645242,-56.7751122,2015-08-17
Pyrocephalus rubinus,-17.2826279,-56.6988087,2015-08-11
Pyrocephalus rubinus,-16.5044204,-56.7051172,2015-08-15
Pyrocephalus rubinus,-15.44761,-55.7382774,2015-08-08
Pyrocephalus rubinus,-16.7480953,-56.857471,2015-08-20
Pyrocephalus rubinus,-16.7480953,-56.857471,2015-08-17
Pyrocephalus rubinus,-17.3645242,-56.7751122,2015-08-09
Pyrocephalus rubinus,-16.7480953,-56.857471,2015-08-20
Pyrocephalus rubinus,-17.3645242,-56.7751122,2015-08-17
Pyrocephalus rubinus,-16.7006556,-56.8422318,2015-08-13
Pyrocephalus rubinus,-17.2826279,-56.6988087,2015-08-27
Pyrocephalus rubinus,-17.3645242,-56.7751122,2015-08-17
Pyrocephalus rubinus,-17.3645242,-56.7751122,2015-08-18
Pyrocephalus rubinus,-17.2826279,-56.6988087,2015-08-11
Pyrocephalus rubinus,-16.4569228,-56.69135,2015-08-29
Pyrocephalus rubinus,-16.5030776,-56.7453337,2015-08-26
Pyrocephalus rubinus,-16.503248,-56.646154,2015-08-07
Pyrocephalus rubinus,-16.5044204,-56.7051172,2015-08-15
Pyrocephalus rubinus,-17.3645242,-56.7751122,2015-08-31
Pyrocephalus rubinus,-16.7842068,-56.844017,2015-08-20
Pyrocephalus rubinus,-16.7842068,-56.844017,2015-08-26
Pyrocephalus rubinus,-16.5779875,-56.7202637,2015-08-16
Pyrocephalus rubinus,-16.5030776,-56.7453337,2015-08-13
Pyrocephalus rubinus,-16.4569228,-56.69135,2015-08-09
Pyrocephalus rubinus,-17.2826279,-56.6988087,2015-08-12
Pyrocephalus rubinus,-16.7480953,-56.857471,2015-08-30
Pyrocephalus rubinus,-16.7480953,-56.857471,2015-08-20
Pyrocephalus rubinus,-16.7480953,-56.857471,2015-08-20
Pyrocephalus rubinus,-17.2826279,-56.6988087,2015-08-11
Pyrocephalus rubinus,-17.2826279,-56.6988087,2015-08-27
Pyrocephalus rubinus,-16.503248,-56.646154,2015-08-06
Pyrocephalus rubinus,-16.5030776,-56.7453337,2015-08-23
Pyrocephalus rubinus,-17.3645242,-56.7751122,2015-08-17
Pyrocephalus rubinus,-16.7842068,-56.844017,2015-08-20
Pyrocephalus rubinus,-17.2826279,-56.6988087,2015-08-08
Pyrocephalus rubinus,-16.6206959,-56.7353135,2015-08-29
Pyrocephalus rubinus,-17.3645242,-56.7751122,2015-08-18
Pyrocephalus rubinus,-16.7006556,-56.8422318,2015-08-13
Pyrocephalus rubinus,-16.5044204,-56.7051172,2015-08-15
Pyrocephalus rubinus,-17.1174301,-56.9291611,2015-08-09
Pyrocephalus rubinus,-16.7480953,-56.857471,2015-08-16
Pyrocephalus rubinus,-16.5030776,-56.7453337,2015-08-13
Pyrocephalus rubinus,-16.5779875,-56.7202637,2015-08-16
Pyrocephalus rubinus,-16.7006556,-56.8422318,2015-08-13
Pyrocephalus rubinus,-16.503248,-56.646154,2015-08-07
Pyrocephalus rubinus,-16.4569228,-56.69135,2015-08-07
Pyrocephalus rubinus,-16.5044204,-56.7051172,2015-08-15
Pyrocephalus rubinus,-16.5980297,-56.7526674,2015-08-07
Pyrocephalus rubinus,-16.4569228,-56.69135,2015-08-03
Pyrocephalus rubinus,-16.6206959,-56.7353135,2015-08-28
Pyrocephalus rubinus,-16.503248,-56.646154,2015-08-06
Pyrocephalus rubinus,-16.54604,-56.710107,2015-08-11
Pyrocephalus rubinus,-16.5980297,-56.7526674,2015-08-08
Pyrocephalus rubinus,-15.654609,-56.121532,2015-08-20
Pyrocephalus rubinus,-17.3645242,-56.7751122,2015-08-18
Pyrocephalus rubinus,-17.2826279,-56.6988087,2015-08-05
Pyrocephalus rubinus,-17.3645242,-56.7751122,2015-08-18
Pyrocephalus rubinus,-16.7581146,-56.8772335,2015-08-29
Pyrocephalus rubinus,-17.2992208,-56.8381275,2015-08-07
Pyrocephalus rubinus,-16.4569228,-56.69135,2015-08-28
Pyrocephalus rubinus,-17.6688343,-57.466929,2015-08-02
Pyrocephalus rubinus,-16.5044313,-56.6752026,2015-08-28
Pyrocephalus rubinus,-17.3645242,-56.7751122,2015-08-18
Pyrocephalus rubinus,-16.7480953,-56.857471,2015-08-20
Pyrocephalus rubinus,-17.1174301,-56.9291611,2015-08-09
Pyrocephalus rubinus,-16.4569228,-56.69135,2015-08-13
Pyrocephalus rubinus,-17.2826279,-56.6988087,2015-08-11
Pyrocephalus rubinus,-15.7549087,-56.141054,2015-08-29
Pyrocephalus rubinus,-16.5044204,-56.7051172,2015-08-15
Pyrocephalus rubinus,-16.7480953,-56.857471,2015-08-20
Pyrocephalus rubinus,-16.5122399,-56.7117691,2015-08-17
Pyrocephalus rubinus,-16.5030776,-56.7453337,2015-08-13
Pyrocephalus rubinus,-16.7842068,-56.844017,2015-08-20
Pyrocephalus rubinus,-16.7842068,-56.844017,2015-08-20
Pyrocephalus rubinus,-16.5779875,-56.7202637,2015-08-16
Pyrocephalus rubinus,-17.2992208,-56.8381275,2015-08-10
Pyrocephalus rubinus,-16.3786111,-56.6208333,2015-08-12
Pyrocephalus rubinus,-15.4363405,-55.724802,2015-08-10
Pyrocephalus rubinus,-17.2826279,-56.6988087,2015-08-12
Pyrocephalus rubinus,-16.7842068,-56.844017,2015-08-20
Pyrocephalus rubinus,-16.5779875,-56.7202637,2015-08-16
Pyrocephalus rubinus,-16.5779875,-56.7202637,2015-08-16
Pyrocephalus rubinus,-17.3645242,-56.7751122,2015-08-08
Pyrocephalus rubinus,-16.7842068,-56.844017,2015-08-20
Pyrocephalus rubinus,-16.5030776,-56.7453337,2015-08-13
Pyrocephalus rubinus,-16.5030776,-56.7453337,2015-08-13
Pyrocephalus rubinus,-16.7480953,-56.857471,2015-08-10
Pyrocephalus rubinus,-17.2826279,-56.6988087,2015-08-14
Pyrocephalus rubinus,-16.5030776,-56.7453337,2015-08-26
Pyrocephalus rubinus,-16.4569228,-56.69135,2015-08-07
Pyrocephalus rubinus,-17.3645242,-56.7751122,2015-08-18
Pyrocephalus rubinus,-16.7006556,-56.8422318,2015-08-13
Pyrocephalus rubinus,-16.5122399,-56.7117691,2015-08-16
Pyrocephalus rubinus,-16.5044204,-56.7051172,2015-08-15
Pyrocephalus rubinus,-17.2826279,-56.6988087,2015-08-27
Pyrocephalus rubinus,-16.5980297,-56.7526674,2015-08-07
Pyrocephalus rubinus,-17.1174301,-56.9291611,2015-08-10
Pyrocephalus rubinus,-17.2992208,-56.8381275,2015-09-17
Pyrocephalus rubinus,-16.7581146,-56.8772335,2015-09-03
Pyrocephalus rubinus,-16.7581146,-56.8772335,2015-09-04
Pyrocephalus rubinus,-16.3786111,-56.6208333,2015-09-05
Pyrocephalus rubinus,-16.3786111,-56.6208333,2015-09-11
Pyrocephalus rubinus,-16.7581146,-56.8772335,2015-09-03
Pyrocephalus rubinus,-16.7581146,-56.8772335,2015-09-04
Pyrocephalus rubinus,-16.3786111,-56.6208333,2015-09-04
Pyrocephalus rubinus,-16.7581146,-56.8772335,2015-09-04
Pyrocephalus rubinus,-16.7581146,-56.8772335,2015-09-03
Pyrocephalus rubinus,-17.3645242,-56.7751122,2015-09-01
Pyrocephalus rubinus,-17.3645242,-56.7751122,2015-09-16
Pyrocephalus rubinus,-16.7581146,-56.8772335,2015-09-03
Pyrocephalus rubinus,-16.7581146,-56.8772335,2015-09-02
Pyrocephalus rubinus,-16.3786111,-56.6208333,2015-09-05
Pyrocephalus rubinus,-17.3645242,-56.7751122,2015-09-15
Pyrocephalus rubinus,-16.7581146,-56.8772335,2015-09-02
Pyrocephalus rubinus,-16.7581146,-56.8772335,2015-09-04
Pyrocephalus rubinus,-16.3786111,-56.6208333,2015-09-04
Pyrocephalus rubinus,-16.3786111,-56.6208333,2015-09-05
Pyrocephalus rubinus,-16.7481418,-56.8575412,2015-10-06
Pyrocephalus rubinus,-17.3122934,-53.223052,2015-10-10
Pyrocephalus rubinus,-16.7581146,-56.8772335,2015-10-16
Pyrocephalus rubinus,-16.5131245,-56.3778019,2016-04-28
Pyrocephalus rubinus,-16.5171927,-56.3795762,2016-04-29
Pyrocephalus rubinus,-16.5074412,-56.4116071,2016-04-28
Pyrocephalus rubinus,-13.5041614,-60.5405742,2016-05-14
Pyrocephalus rubinus,-15.6251446,-56.0908645,2016-05-14
Pyrocephalus rubinus,-16.2736915,-56.6249115,2016-05-14
Pyrocephalus rubinus,-16.5470938,-56.7046967,2016-05-20
Pyrocephalus rubinus,-16.4569228,-56.69135,2016-05-14
Pyrocephalus rubinus,-17.2826279,-56.6988087,2016-06-08
Pyrocephalus rubinus,-17.3061326,-56.7165542,2016-06-07
Pyrocephalus rubinus,-16.2730992,-56.6243076,2016-06-01
Pyrocephalus rubinus,-16.3786527,-56.6212057,2016-06-23
Pyrocephalus rubinus,-17.1174301,-56.9291611,2016-06-25
Pyrocephalus rubinus,-17.3310637,-56.5949482,2016-06-09
Pyrocephalus rubinus,-14.9311289,-56.8448132,2016-06-23
Pyrocephalus rubinus,-9.8444799,-56.1155945,2016-06-14
Pyrocephalus rubinus,-17.1174301,-56.9291611,2016-06-06
Pyrocephalus rubinus,-16.4569228,-56.69135,2016-06-22
Pyrocephalus rubinus,-17.2826279,-56.6988087,2016-06-06
Pyrocephalus rubinus,-17.3309666,-56.5949731,2016-06-24
Pyrocephalus rubinus,-16.4569228,-56.69135,2016-06-05
Pyrocephalus rubinus,-16.7581146,-56.8772335,2016-06-05
Pyrocephalus rubinus,-16.5030776,-56.7453337,2016-06-15
Pyrocephalus rubinus,-15.3682623,-54.7965946,2016-06-25
Pyrocephalus rubinus,-16.7581578,-56.8778981,2016-06-26
Pyrocephalus rubinus,-16.7480953,-56.857471,2016-07-07
Pyrocephalus rubinus,-17.1236888,-56.9457114,2016-07-20
Pyrocephalus rubinus,-16.4569228,-56.69135,2016-07-23
Pyrocephalus rubinus,-16.406895,-56.669912,2016-07-16
Pyrocephalus rubinus,-16.5030776,-56.7453337,2016-07-19
Pyrocephalus rubinus,-16.3786111,-56.6208333,2016-07-15
Pyrocephalus rubinus,-15.0079331,-59.9457321,2016-07-22
Pyrocephalus rubinus,-16.3891729,-57.999158,2016-07-21
Pyrocephalus rubinus,-17.1174301,-56.9291611,2016-07-13
Pyrocephalus rubinus,-16.5030776,-56.7453337,2016-07-23
Pyrocephalus rubinus,-16.3786111,-56.6208333,2016-07-20
Pyrocephalus rubinus,-16.7581146,-56.8772335,2016-07-22
Pyrocephalus rubinus,-16.3786111,-56.6208333,2016-07-12
Pyrocephalus rubinus,-9.8778813,-56.0866041,2016-07-14
Pyrocephalus rubinus,-17.2826279,-56.6988087,2016-07-11
Pyrocephalus rubinus,-16.7581146,-56.8772335,2016-07-17
Pyrocephalus rubinus,-15.437765,-55.7893805,2016-07-20
Pyrocephalus rubinus,-17.304849,-56.720943,2016-07-08
Pyrocephalus rubinus,-17.3536696,-56.7719364,2016-07-15
Pyrocephalus rubinus,-16.7842068,-56.844017,2016-07-10
Pyrocephalus rubinus,-16.5044313,-56.6752026,2016-07-17
Pyrocephalus rubinus,-17.2826279,-56.6988087,2016-07-22
Pyrocephalus rubinus,-16.7842068,-56.844017,2016-07-18
Pyrocephalus rubinus,-16.4569228,-56.69135,2016-07-06
Pyrocephalus rubinus,-9.7652276,-56.0309601,2016-07-14
Pyrocephalus rubinus,-15.0079331,-59.9457321,2016-07-22
Pyrocephalus rubinus,-17.3645242,-56.7751122,2016-07-10
Pyrocephalus rubinus,-15.3944305,-60.0881767,2016-07-23
Pyrocephalus rubinus,-16.3786111,-56.6208333,2016-07-19
Pyrocephalus rubinus,-16.4569228,-56.69135,2016-07-13
Pyrocephalus rubinus,-9.8986714,-56.0604429,2016-07-24
Pyrocephalus rubinus,-17.3061326,-56.7165542,2016-07-14
Pyrocephalus rubinus,-16.5030776,-56.7453337,2016-07-21
Pyrocephalus rubinus,-16.3786111,-56.6208333,2016-07-14
Pyrocephalus rubinus,-16.379337,-56.620557,2016-07-09
Pyrocephalus rubinus,-17.2826279,-56.6988087,2016-07-17
Pyrocephalus rubinus,-16.5044313,-56.6752026,2016-07-16
Pyrocephalus rubinus,-16.3786111,-56.6208333,2016-07-20
Pyrocephalus rubinus,-16.7480953,-56.857471,2016-07-08
Pyrocephalus rubinus,-16.7480953,-56.857471,2016-07-05
Pyrocephalus rubinus,-16.4569228,-56.69135,2016-07-21
Pyrocephalus rubinus,-16.5044313,-56.6752026,2016-07-15
Pyrocephalus rubinus,-16.7842068,-56.844017,2016-07-16
Pyrocephalus rubinus,-16.7581146,-56.8772335,2016-07-31
Pyrocephalus rubinus,-16.3786111,-56.6208333,2016-07-19
Pyrocephalus rubinus,-17.1174301,-56.9291611,2016-07-18
Pyrocephalus rubinus,-16.7581146,-56.8772335,2016-07-31
Pyrocephalus rubinus,-16.3786111,-56.6208333,2016-07-17
Pyrocephalus rubinus,-16.3891729,-57.999158,2016-07-21
Pyrocephalus rubinus,-17.2826279,-56.6988087,2016-07-17
Pyrocephalus rubinus,-17.3061326,-56.7165542,2016-07-12
Pyrocephalus rubinus,-17.3645242,-56.7751122,2016-07-11
Pyrocephalus rubinus,-16.5044313,-56.6752026,2016-07-15
Pyrocephalus rubinus,-17.3645242,-56.7751122,2016-07-21
Pyrocephalus rubinus,-16.7581146,-56.8772335,2016-07-24
Pyrocephalus rubinus,-17.359059,-56.773554,2016-07-07
Pyrocephalus rubinus,-16.7842068,-56.844017,2016-07-11
Pyrocephalus rubinus,-9.8444799,-56.1155945,2016-07-29
Pyrocephalus rubinus,-17.3645242,-56.7751122,2016-07-12
Pyrocephalus rubinus,-17.1236888,-56.9457114,2016-07-22
Pyrocephalus rubinus,-16.7581146,-56.8772335,2016-07-23
Pyrocephalus rubinus,-17.1174301,-56.9291611,2016-07-23
Pyrocephalus rubinus,-16.5044313,-56.6752026,2016-07-16
Pyrocephalus rubinus,-16.5030776,-56.7453337,2016-07-20
Pyrocephalus rubinus,-16.4569228,-56.69135,2016-07-09
Pyrocephalus rubinus,-16.7480953,-56.857471,2016-07-11
Pyrocephalus rubinus,-16.3786111,-56.6208333,2016-07-20
Pyrocephalus rubinus,-16.5267316,-56.7562123,2016-07-08
Pyrocephalus rubinus,-16.3786111,-56.6208333,2016-07-18
Pyrocephalus rubinus,-16.7480953,-56.857471,2016-07-07
Pyrocephalus rubinus,-16.3786111,-56.6208333,2016-07-19
Pyrocephalus rubinus,-17.2826279,-56.6988087,2016-07-22
Pyrocephalus rubinus,-16.7842068,-56.844017,2016-07-16
Pyrocephalus rubinus,-16.5030776,-56.7453337,2016-07-15
Pyrocephalus rubinus,-15.3944305,-60.0881767,2016-07-23
Pyrocephalus rubinus,-17.2624411,-56.9032976,2016-08-25
Pyrocephalus rubinus,-17.2792267,-56.6990983,2016-08-26
Pyrocephalus rubinus,-16.3786111,-56.6208333,2016-08-30
Pyrocephalus rubinus,-17.2792267,-56.6990983,2016-08-26
Pyrocephalus rubinus,-9.5531854,-56.3030326,2016-08-12
Pyrocephalus rubinus,-16.7581146,-56.8772335,2016-08-23
Pyrocephalus rubinus,-16.7581146,-56.8772335,2016-08-01
Pyrocephalus rubinus,-17.2992208,-56.8381275,2016-08-12
Pyrocephalus rubinus,-16.3786111,-56.6208333,2016-08-24
Pyrocephalus rubinus,-16.7581146,-56.8772335,2016-08-23
Pyrocephalus rubinus,-16.3786111,-56.6208333,2016-08-24
Pyrocephalus rubinus,-16.3786111,-56.6208333,2016-08-25
Pyrocephalus rubinus,-16.3037047,-56.6347925,2016-08-23
Pyrocephalus rubinus,-16.3786111,-56.6208333,2016-08-25
Pyrocephalus rubinus,-16.3037047,-56.6347925,2016-08-23
Pyrocephalus rubinus,-16.5044313,-56.6752026,2016-08-18
Pyrocephalus rubinus,-16.3786111,-56.6208333,2016-08-23
Pyrocephalus rubinus,-17.2792267,-56.6990983,2016-08-26
Pyrocephalus rubinus,-16.3786111,-56.6208333,2016-08-24
Pyrocephalus rubinus,-15.6512466,-56.1204987,2016-08-22
Pyrocephalus rubinus,-16.7581146,-56.8772335,2016-08-23
Pyrocephalus rubinus,-16.5122399,-56.7117691,2016-08-08
Pyrocephalus rubinus,-16.3882313,-56.5896033,2016-08-23
Pyrocephalus rubinus,-16.7581146,-56.8772335,2016-08-06
Pyrocephalus rubinus,-16.6055675,-56.7590345,2016-08-25
Pyrocephalus rubinus,-17.4089598,-56.8324471,2016-08-23
Pyrocephalus rubinus,-15.6512466,-56.1204987,2016-08-22
Pyrocephalus rubinus,-16.6206959,-56.7353135,2016-08-20
Pyrocephalus rubinus,-9.5987073,-55.9367341,2016-08-18
Pyrocephalus rubinus,-17.2624411,-56.9032976,2016-08-25
Pyrocephalus rubinus,-16.3786111,-56.6208333,2016-08-30
Pyrocephalus rubinus,-16.6206959,-56.7353135,2016-08-21
Pyrocephalus rubinus,-16.3786111,-56.6208333,2016-08-24
Pyrocephalus rubinus,-15.6512466,-56.1204987,2016-08-22
Pyrocephalus rubinus,-17.2992208,-56.8381275,2016-08-15
Pyrocephalus rubinus,-17.2826279,-56.6988087,2016-08-16
Pyrocephalus rubinus,-16.5030776,-56.7453337,2016-08-30
Pyrocephalus rubinus,-16.7581146,-56.8772335,2016-08-22
Pyrocephalus rubinus,-17.2826279,-56.6988087,2016-08-17
Pyrocephalus rubinus,-15.6341956,-56.05937,2016-08-03
Pyrocephalus rubinus,-16.6055675,-56.7590345,2016-08-25
Pyrocephalus rubinus,-17.2350071,-56.6909967,2016-08-26
Pyrocephalus rubinus,-16.5030776,-56.7453337,2016-08-15
Pyrocephalus rubinus,-16.6055675,-56.7590345,2016-08-25
Pyrocephalus rubinus,-17.2792267,-56.6990983,2016-08-26
Pyrocephalus rubinus,-16.3786111,-56.6208333,2016-08-24
Pyrocephalus rubinus,-16.3475219,-56.6446546,2016-08-23
Pyrocephalus rubinus,-17.2792267,-56.6990983,2016-08-26
Pyrocephalus rubinus,-16.345835,-55.863286,2016-08-23
Pyrocephalus rubinus,-16.3786111,-56.6208333,2016-08-24
Pyrocephalus rubinus,-17.2792267,-56.6990983,2016-08-26
Pyrocephalus rubinus,-16.6055675,-56.7590345,2016-08-25
Pyrocephalus rubinus,-17.3645242,-56.7751122,2016-08-20
Pyrocephalus rubinus,-16.3786111,-56.6208333,2016-08-30
Pyrocephalus rubinus,-17.2624411,-56.9032976,2016-08-25
Pyrocephalus rubinus,-16.3786111,-56.6208333,2016-08-25
Pyrocephalus rubinus,-17.2350071,-56.6909967,2016-08-26
Pyrocephalus rubinus,-16.3786111,-56.6208333,2016-08-24
Pyrocephalus rubinus,-17.2992208,-56.8381275,2016-08-18
Pyrocephalus rubinus,-16.4569228,-56.69135,2016-08-22
Pyrocephalus rubinus,-16.3786111,-56.6208333,2016-08-24
Pyrocephalus rubinus,-16.3475219,-56.6446546,2016-08-23
Pyrocephalus rubinus,-16.7581146,-56.8772335,2016-08-06
Pyrocephalus rubinus,-16.7581146,-56.8772335,2016-08-24
Pyrocephalus rubinus,-16.3786111,-56.6208333,2016-08-30
Pyrocephalus rubinus,-16.3475219,-56.6446546,2016-08-23
Pyrocephalus rubinus,-16.7581146,-56.8772335,2016-08-23
Pyrocephalus rubinus,-16.7581146,-56.8772335,2016-08-20
Pyrocephalus rubinus,-16.3786111,-56.6208333,2016-08-23
Pyrocephalus rubinus,-17.3645242,-56.7751122,2016-08-15
Pyrocephalus rubinus,-17.2350071,-56.6909967,2016-08-26
Pyrocephalus rubinus,-15.6355594,-56.062932,2016-08-02
Pyrocephalus rubinus,-17.3645242,-56.7751122,2016-08-26
Pyrocephalus rubinus,-16.3037047,-56.6347925,2016-08-23
Pyrocephalus rubinus,-16.3786111,-56.6208333,2016-08-25
Pyrocephalus rubinus,-17.3645242,-56.7751122,2016-08-21
Pyrocephalus rubinus,-16.3786111,-56.6208333,2016-08-25
Pyrocephalus rubinus,-17.2350071,-56.6909967,2016-08-26
Pyrocephalus rubinus,-16.3475219,-56.6446546,2016-08-23
Pyrocephalus rubinus,-17.2350071,-56.6909967,2016-08-26
Pyrocephalus rubinus,-16.6055675,-56.7590345,2016-08-25
Pyrocephalus rubinus,-17.2992208,-56.8381275,2016-08-11
Pyrocephalus rubinus,-15.6512466,-56.1204987,2016-08-22
Pyrocephalus rubinus,-16.3786111,-56.6208333,2016-08-23
Pyrocephalus rubinus,-16.7480953,-56.857471,2016-08-18
Pyrocephalus rubinus,-16.7581146,-56.8772335,2016-08-08
Pyrocephalus rubinus,-16.4569228,-56.69135,2016-08-05
Pyrocephalus rubinus,-16.3786111,-56.6208333,2016-08-25
Pyrocephalus rubinus,-9.8986714,-56.0604429,2016-08-31
Pyrocephalus rubinus,-16.7842068,-56.844017,2016-08-10
Pyrocephalus rubinus,-17.2624411,-56.9032976,2016-08-25
Pyrocephalus rubinus,-17.2624411,-56.9032976,2016-08-25
Pyrocephalus rubinus,-16.3037047,-56.6347925,2016-08-23
Pyrocephalus rubinus,-16.3786111,-56.6208333,2016-08-25
Pyrocephalus rubinus,-17.3645242,-56.7751122,2016-08-19
Pyrocephalus rubinus,-17.2624411,-56.9032976,2016-08-25
Pyrocephalus rubinus,-16.3786111,-56.6208333,2016-08-24
Pyrocephalus rubinus,-16.3332825,-56.6440192,2016-08-08
Pyrocephalus rubinus,-16.3475219,-56.6446546,2016-08-23
Pyrocephalus rubinus,-16.5030776,-56.7453337,2016-08-18
Pyrocephalus rubinus,-17.2350071,-56.6909967,2016-08-26
Pyrocephalus rubinus,-16.3786111,-56.6208333,2016-08-14
Pyrocephalus rubinus,-16.3037047,-56.6347925,2016-08-23
Pyrocephalus rubinus,-17.2624411,-56.9032976,2016-08-25
Pyrocephalus rubinus,-16.3475219,-56.6446546,2016-08-23
Pyrocephalus rubinus,-17.2992208,-56.8381275,2016-08-10
Pyrocephalus rubinus,-17.2350071,-56.6909967,2016-08-26
Pyrocephalus rubinus,-16.3786111,-56.6208333,2016-08-24
Pyrocephalus rubinus,-16.3475219,-56.6446546,2016-08-23
Pyrocephalus rubinus,-16.3786111,-56.6208333,2016-08-24
Pyrocephalus rubinus,-16.3786111,-56.6208333,2016-08-23
Pyrocephalus rubinus,-17.3645242,-56.7751122,2016-08-06
Pyrocephalus rubinus,-16.3786111,-56.6208333,2016-08-24
Pyrocephalus rubinus,-16.3786111,-56.6208333,2016-08-24
Pyrocephalus rubinus,-16.7581146,-56.8772335,2016-08-21
Pyrocephalus rubinus,-16.6055675,-56.7590345,2016-08-25
Pyrocephalus rubinus,-16.3786111,-56.6208333,2016-08-23
Pyrocephalus rubinus,-17.3645242,-56.7751122,2016-08-19
Pyrocephalus rubinus,-16.3786111,-56.6208333,2016-08-30
Pyrocephalus rubinus,-16.6055675,-56.7590345,2016-08-25
Pyrocephalus rubinus,-16.6184798,-56.7394924,2016-08-21
Pyrocephalus rubinus,-16.3037047,-56.6347925,2016-08-23
Pyrocephalus rubinus,-16.3786111,-56.6208333,2016-08-22
Pyrocephalus rubinus,-16.3037047,-56.6347925,2016-08-23
Pyrocephalus rubinus,-16.6055675,-56.7590345,2016-08-25
Pyrocephalus rubinus,-16.3786111,-56.6208333,2016-08-25
Pyrocephalus rubinus,-16.5030776,-56.7453337,2016-08-17
Pyrocephalus rubinus,-16.3786111,-56.6208333,2016-08-24
Pyrocephalus rubinus,-16.3786111,-56.6208333,2016-08-23
Pyrocephalus rubinus,-16.3786111,-56.6208333,2016-08-24
Pyrocephalus rubinus,-16.3786111,-56.6208333,2016-08-24
Pyrocephalus rubinus,-17.2350071,-56.6909967,2016-08-26
Pyrocephalus rubinus,-17.2826279,-56.6988087,2016-08-20
Pyrocephalus rubinus,-16.3786111,-56.6208333,2016-08-23
Pyrocephalus rubinus,-16.7842068,-56.844017,2016-08-15
Pyrocephalus rubinus,-16.3786111,-56.6208333,2016-08-24
Pyrocephalus rubinus,-17.2792267,-56.6990983,2016-08-26
Pyrocephalus rubinus,-16.3786111,-56.6208333,2016-08-24
Pyrocephalus rubinus,-17.2792267,-56.6990983,2016-08-26
Pyrocephalus rubinus,-17.2992208,-56.8381275,2016-08-16
Pyrocephalus rubinus,-16.3786111,-56.6208333,2016-08-25
Pyrocephalus rubinus,-16.3037047,-56.6347925,2016-08-23
Pyrocephalus rubinus,-16.6055675,-56.7590345,2016-08-25
Pyrocephalus rubinus,-16.3786111,-56.6208333,2016-08-24
Pyrocephalus rubinus,-16.3475219,-56.6446546,2016-08-23
Pyrocephalus rubinus,-17.2624411,-56.9032976,2016-08-25
Pyrocephalus rubinus,-16.3475219,-56.6446546,2016-08-23
Pyrocephalus rubinus,-16.3786111,-56.6208333,2016-08-23
Pyrocephalus rubinus,-16.3786111,-56.6208333,2016-08-23
Pyrocephalus rubinus,-17.2792267,-56.6990983,2016-08-26
Pyrocephalus rubinus,-17.2624411,-56.9032976,2016-08-25
Pyrocephalus rubinus,-16.3037047,-56.6347925,2016-08-23
Pyrocephalus rubinus,-16.3786111,-56.6208333,2016-08-24
Pyrocephalus rubinus,-16.3786111,-56.6208333,2016-08-24
Pyrocephalus rubinus,-17.4089598,-56.8324471,2016-09-18
Pyrocephalus rubinus,-16.3786111,-56.6208333,2016-09-06
Pyrocephalus rubinus,-17.3645242,-56.7751122,2016-09-15
Pyrocephalus rubinus,-17.16744,-56.577748,2016-09-17
Pyrocephalus rubinus,-17.2912222,-56.7102167,2016-09-14
Pyrocephalus rubinus,-17.4089598,-56.8324471,2016-09-18
Pyrocephalus rubinus,-9.8444799,-56.1155945,2016-09-03
Pyrocephalus rubinus,-15.6898769,-58.1022826,2016-09-01
Pyrocephalus rubinus,-17.3645242,-56.7751122,2016-09-19
Pyrocephalus rubinus,-17.2826279,-56.6988087,2016-09-16
Pyrocephalus rubinus,-15.6898769,-58.1022826,2016-09-01
Pyrocephalus rubinus,-17.2826279,-56.6988087,2016-09-16
Pyrocephalus rubinus,-17.3645242,-56.7751122,2016-09-16
Pyrocephalus rubinus,-17.262095,-56.903463,2016-09-15
Pyrocephalus rubinus,-17.3645242,-56.7751122,2016-09-18
Pyrocephalus rubinus,-17.3645242,-56.7751122,2016-09-19
Pyrocephalus rubinus,-16.5030776,-56.7453337,2016-09-26
Pyrocephalus rubinus,-17.3645242,-56.7751122,2016-09-18
Pyrocephalus rubinus,-16.4569228,-56.69135,2016-09-25
Pyrocephalus rubinus,-17.3645242,-56.7751122,2016-09-16
Pyrocephalus rubinus,-16.3786111,-56.6208333,2016-09-06
Pyrocephalus rubinus,-16.8958623,-56.6080545,2016-09-30
Pyrocephalus rubinus,-16.7581146,-56.8772335,2016-09-12
Pyrocephalus rubinus,-16.4255488,-56.6700618,2016-09-06
Pyrocephalus rubinus,-17.262095,-56.903463,2016-09-15
Pyrocephalus rubinus,-17.3645242,-56.7751122,2016-09-15
Pyrocephalus rubinus,-17.16744,-56.577748,2016-09-17
Pyrocephalus rubinus,-16.7581146,-56.8772335,2016-09-20
Pyrocephalus rubinus,-16.4569228,-56.69135,2016-09-15
Pyrocephalus rubinus,-16.3786111,-56.6208333,2016-09-03
Pyrocephalus rubinus,-17.16744,-56.577748,2016-09-17
Pyrocephalus rubinus,-17.262095,-56.903463,2016-09-15
Pyrocephalus rubinus,-17.2826279,-56.6988087,2016-09-17
Pyrocephalus rubinus,-17.4089598,-56.8324471,2016-09-18
Pyrocephalus rubinus,-16.4569228,-56.69135,2016-09-15
Pyrocephalus rubinus,-17.3645242,-56.7751122,2016-09-19
Pyrocephalus rubinus,-16.3786111,-56.6208333,2016-09-08
Pyrocephalus rubinus,-16.3786111,-56.6208333,2016-09-07
Pyrocephalus rubinus,-16.7581146,-56.8772335,2016-09-09
Pyrocephalus rubinus,-16.4569228,-56.69135,2016-09-15
Pyrocephalus rubinus,-17.2826279,-56.6988087,2016-09-16
Pyrocephalus rubinus,-17.2992208,-56.8381275,2016-09-12
Pyrocephalus rubinus,-16.7581146,-56.8772335,2016-09-20
Pyrocephalus rubinus,-9.8444799,-56.1155945,2016-09-03
Pyrocephalus rubinus,-16.3786111,-56.6208333,2016-10-01
Pyrocephalus rubinus,-17.3645242,-56.7751122,2016-10-26
Pyrocephalus rubinus,-9.5592484,-56.3247156,2016-10-08
Pyrocephalus rubinus,-16.5030776,-56.7453337,2017-04-21
Pyrocephalus rubinus,-13.5407027,-56.6315174,2017-05-11
Pyrocephalus rubinus,-15.2539077,-55.8862268,2017-05-12
Pyrocephalus rubinus,-13.5407027,-56.6315174,2017-05-10
Pyrocephalus rubinus,-16.4569228,-56.69135,2017-05-13
Pyrocephalus rubinus,-15.2539077,-55.8862268,2017-05-13
Pyrocephalus rubinus,-16.4569228,-56.69135,2017-05-19
Pyrocephalus rubinus,-13.5407027,-56.6315174,2017-05-10
Pyrocephalus rubinus,-15.7218738,-55.9698057,2017-05-13
Pyrocephalus rubinus,-13.5407027,-56.6315174,2017-05-10
Pyrocephalus rubinus,-17.1236888,-56.9457114,2017-05-26
Pyrocephalus rubinus,-16.4569228,-56.69135,2017-05-13
Pyrocephalus rubinus,-16.4569228,-56.69135,2017-05-13
Pyrocephalus rubinus,-16.3786111,-56.6208333,2017-05-21
Pyrocephalus rubinus,-13.5407027,-56.6315174,2017-05-11
Pyrocephalus rubinus,-13.5407027,-56.6315174,2017-05-11
Pyrocephalus rubinus,-16.5030776,-56.7453337,2017-06-26
Pyrocephalus rubinus,-16.5030776,-56.7453337,2017-06-26
Pyrocephalus rubinus,-16.4569228,-56.69135,2017-06-27
Pyrocephalus rubinus,-17.2992208,-56.8381275,2017-06-30
Pyrocephalus rubinus,-16.4569228,-56.69135,2017-06-30
Pyrocephalus rubinus,-16.4569228,-56.69135,2017-06-27
Pyrocephalus rubinus,-17.2992208,-56.8381275,2017-06-30
Pyrocephalus rubinus,-13.9544599,-51.8363706,2017-06-23
Pyrocephalus rubinus,-16.5030776,-56.7453337,2017-06-27
Pyrocephalus rubinus,-17.3645242,-56.7751122,2017-06-29
Pyrocephalus rubinus,-17.2992208,-56.8381275,2017-06-27
Pyrocephalus rubinus,-17.2765267,-56.6912533,2017-06-10
Pyrocephalus rubinus,-17.2992208,-56.8381275,2017-06-27
Pyrocephalus rubinus,-16.5030776,-56.7453337,2017-06-27
Pyrocephalus rubinus,-16.5030776,-56.7453337,2017-06-27
Pyrocephalus rubinus,-17.3645242,-56.7751122,2017-06-29
Pyrocephalus rubinus,-16.5030776,-56.7453337,2017-06-26
Pyrocephalus rubinus,-17.2992208,-56.8381275,2017-06-30
Pyrocephalus rubinus,-17.2826279,-56.6988087,2017-06-28
Pyrocephalus rubinus,-17.2826279,-56.6988087,2017-06-28
Pyrocephalus rubinus,-17.2826279,-56.6988087,2017-06-28
Pyrocephalus rubinus,-16.4569228,-56.69135,2017-06-30
Pyrocephalus rubinus,-16.4569228,-56.69135,2017-06-30
Pyrocephalus rubinus,-17.2992208,-56.8381275,2017-06-27
Pyrocephalus rubinus,-17.3645242,-56.7751122,2017-06-29
Pyrocephalus rubinus,-16.4569228,-56.69135,2017-06-27
Pyrocephalus rubinus,-17.3310637,-56.5949482,2017-07-15
Pyrocephalus rubinus,-17.3645242,-56.7751122,2017-07-29
Pyrocephalus rubinus,-16.7581146,-56.8772335,2017-07-17
Pyrocephalus rubinus,-16.419554,-56.611811,2017-07-08
Pyrocephalus rubinus,-17.2826279,-56.6988087,2017-07-15
Pyrocephalus rubinus,-16.7581146,-56.8772335,2017-07-11
Pyrocephalus rubinus,-16.3786111,-56.6208333,2017-07-19
Pyrocephalus rubinus,-16.4569228,-56.69135,2017-07-18
Pyrocephalus rubinus,-16.3786111,-56.6208333,2017-07-25
Pyrocephalus rubinus,-17.4089598,-56.8324471,2017-07-09
Pyrocephalus rubinus,-15.6548787,-56.1219082,2017-07-22
Pyrocephalus rubinus,-16.6206959,-56.7353135,2017-07-19
Pyrocephalus rubinus,-16.7581146,-56.8772335,2017-07-31
Pyrocephalus rubinus,-16.4569228,-56.69135,2017-07-13
Pyrocephalus rubinus,-16.7581146,-56.8772335,2017-07-28
Pyrocephalus rubinus,-16.350032,-56.644701,2017-07-06
Pyrocephalus rubinus,-16.7581146,-56.8772335,2017-07-06
Pyrocephalus rubinus,-16.7581146,-56.8772335,2017-07-12
Pyrocephalus rubinus,-17.4089598,-56.8324471,2017-07-09
Pyrocephalus rubinus,-17.3310637,-56.5949482,2017-07-15
Pyrocephalus rubinus,-16.7480953,-56.857471,2017-07-27
Pyrocephalus rubinus,-17.3645242,-56.7751122,2017-07-12
Pyrocephalus rubinus,-16.7581146,-56.8772335,2017-07-13
Pyrocephalus rubinus,-16.7581146,-56.8772335,2017-07-11
Pyrocephalus rubinus,-16.7581146,-56.8772335,2017-07-11
Pyrocephalus rubinus,-17.2826279,-56.6988087,2017-07-16
Pyrocephalus rubinus,-16.7581146,-56.8772335,2017-07-30
Pyrocephalus rubinus,-17.1174301,-56.9291611,2017-07-26
Pyrocephalus rubinus,-16.3786111,-56.6208333,2017-07-25
Pyrocephalus rubinus,-16.7842068,-56.844017,2017-07-13
Pyrocephalus rubinus,-16.7581146,-56.8772335,2017-07-12
Pyrocephalus rubinus,-16.7581146,-56.8772335,2017-07-12
Pyrocephalus rubinus,-16.7581146,-56.8772335,2017-07-30
Pyrocephalus rubinus,-16.350032,-56.644701,2017-07-06
Pyrocephalus rubinus,-16.4100075,-56.6735047,2017-07-26
Pyrocephalus rubinus,-16.7581146,-56.8772335,2017-07-12
Pyrocephalus rubinus,-16.3786111,-56.6208333,2017-07-25
Pyrocephalus rubinus,-15.6548787,-56.1219082,2017-07-22
Pyrocephalus rubinus,-16.3786111,-56.6208333,2017-07-25
Pyrocephalus rubinus,-17.3645242,-56.7751122,2017-07-16
Pyrocephalus rubinus,-17.3645242,-56.7751122,2017-07-29
Pyrocephalus rubinus,-17.3645242,-56.7751122,2017-07-24
Pyrocephalus rubinus,-17.2992208,-56.8381275,2017-07-28
Pyrocephalus rubinus,-16.7581146,-56.8772335,2017-07-12
Pyrocephalus rubinus,-16.3786111,-56.6208333,2017-07-19
Pyrocephalus rubinus,-16.7581146,-56.8772335,2017-07-12
Pyrocephalus rubinus,-16.5030776,-56.7453337,2017-07-14
Pyrocephalus rubinus,-16.7581146,-56.8772335,2017-07-17
Pyrocephalus rubinus,-17.3645242,-56.7751122,2017-07-26
Pyrocephalus rubinus,-16.7581146,-56.8772335,2017-07-17
Pyrocephalus rubinus,-16.3786111,-56.6208333,2017-07-19
Pyrocephalus rubinus,-17.2992208,-56.8381275,2017-07-17
Pyrocephalus rubinus,-17.2992208,-56.8381275,2017-07-28
Pyrocephalus rubinus,-16.7842068,-56.844017,2017-07-13
Pyrocephalus rubinus,-16.7581146,-56.8772335,2017-07-13
Pyrocephalus rubinus,-17.2826279,-56.6988087,2017-07-14
Pyrocephalus rubinus,-17.2826279,-56.6988087,2017-07-14
Pyrocephalus rubinus,-16.7480953,-56.857471,2017-07-14
Pyrocephalus rubinus,-16.7480953,-56.857471,2017-07-29
Pyrocephalus rubinus,-17.3310637,-56.5949482,2017-07-15
Pyrocephalus rubinus,-16.4569228,-56.69135,2017-07-18
Pyrocephalus rubinus,-16.3786111,-56.6208333,2017-07-19
Pyrocephalus rubinus,-16.7581146,-56.8772335,2017-07-12
Pyrocephalus rubinus,-16.3786111,-56.6208333,2017-07-23
Pyrocephalus rubinus,-16.7581146,-56.8772335,2017-07-30
Pyrocephalus rubinus,-17.2826279,-56.6988087,2017-07-14
Pyrocephalus rubinus,-16.3786111,-56.6208333,2017-07-25
Pyrocephalus rubinus,-16.6206959,-56.7353135,2017-07-17
Pyrocephalus rubinus,-17.2826279,-56.6988087,2017-07-14
Pyrocephalus rubinus,-16.3882313,-56.5896033,2017-07-04
Pyrocephalus rubinus,-16.7480953,-56.857471,2017-07-14
Pyrocephalus rubinus,-16.4521523,-56.6770402,2017-07-13
Pyrocephalus rubinus,-16.7581146,-56.8772335,2017-07-21
Pyrocephalus rubinus,-16.7581146,-56.8772335,2017-07-13
Pyrocephalus rubinus,-17.270105,-56.888922,2017-07-18
Pyrocephalus rubinus,-16.4569228,-56.69135,2017-07-18
Pyrocephalus rubinus,-17.2826279,-56.6988087,2017-07-14
Pyrocephalus rubinus,-16.6206959,-56.7353135,2017-07-19
Pyrocephalus rubinus,-17.1174301,-56.9291611,2017-07-14
Pyrocephalus rubinus,-16.419554,-56.611811,2017-07-08
Pyrocephalus rubinus,-16.7842068,-56.844017,2017-07-13
Pyrocephalus rubinus,-17.3310637,-56.5949482,2017-07-15
Pyrocephalus rubinus,-16.7581146,-56.8772335,2017-07-11
Pyrocephalus rubinus,-17.3310637,-56.5949482,2017-07-15
Pyrocephalus rubinus,-17.2826279,-56.6988087,2017-07-16
Pyrocephalus rubinus,-16.3786111,-56.6208333,2017-07-23
Pyrocephalus rubinus,-16.3786111,-56.6208333,2017-07-08
Pyrocephalus rubinus,-16.7581146,-56.8772335,2017-07-13
Pyrocephalus rubinus,-16.3786111,-56.6208333,2017-07-23
Pyrocephalus rubinus,-16.7581146,-56.8772335,2017-07-17
Pyrocephalus rubinus,-16.5030776,-56.7453337,2017-07-14
Pyrocephalus rubinus,-16.3786111,-56.6208333,2017-07-19
Pyrocephalus rubinus,-16.6206959,-56.7353135,2017-07-27
Pyrocephalus rubinus,-16.3786111,-56.6208333,2017-07-04
Pyrocephalus rubinus,-16.7581146,-56.8772335,2017-07-21
Pyrocephalus rubinus,-15.6548787,-56.1219082,2017-07-22
Pyrocephalus rubinus,-15.6355594,-56.062932,2017-07-05
Pyrocephalus rubinus,-16.7842068,-56.844017,2017-07-13
Pyrocephalus rubinus,-17.2992208,-56.8381275,2017-07-28
Pyrocephalus rubinus,-16.3786111,-56.6208333,2017-07-24
Pyrocephalus rubinus,-16.5030776,-56.7453337,2017-07-03
Pyrocephalus rubinus,-17.2826279,-56.6988087,2017-07-14
Pyrocephalus rubinus,-17.2826279,-56.6988087,2017-07-16
Pyrocephalus rubinus,-16.3786111,-56.6208333,2017-07-24
Pyrocephalus rubinus,-15.6548787,-56.1219082,2017-07-22
Pyrocephalus rubinus,-16.4569228,-56.69135,2017-07-18
Pyrocephalus rubinus,-16.7581146,-56.8772335,2017-07-12
Pyrocephalus rubinus,-16.7581146,-56.8772335,2017-07-12
Pyrocephalus rubinus,-16.7581146,-56.8772335,2017-07-12
Pyrocephalus rubinus,-17.2826279,-56.6988087,2017-07-15
Pyrocephalus rubinus,-17.2992208,-56.8381275,2017-07-16
Pyrocephalus rubinus,-17.3645242,-56.7751122,2017-07-18
Pyrocephalus rubinus,-17.3645242,-56.7751122,2017-07-19
Pyrocephalus rubinus,-17.2826279,-56.6988087,2017-07-15
Pyrocephalus rubinus,-17.262463,-56.90291,2017-07-15
Pyrocephalus rubinus,-16.5131245,-56.3778019,2017-07-05
Pyrocephalus rubinus,-17.3645242,-56.7751122,2017-07-17
Pyrocephalus rubinus,-17.2826279,-56.6988087,2017-07-18
Pyrocephalus rubinus,-16.3786111,-56.6208333,2017-07-23
Pyrocephalus rubinus,-17.2826279,-56.6988087,2017-07-14
Pyrocephalus rubinus,-16.3786111,-56.6208333,2017-07-19
Pyrocephalus rubinus,-17.3645242,-56.7751122,2017-07-29
Pyrocephalus rubinus,-17.1027162,-56.9430464,2017-07-24
Pyrocephalus rubinus,-16.7581146,-56.8772335,2017-07-04
Pyrocephalus rubinus,-16.7581146,-56.8772335,2017-07-06
Pyrocephalus rubinus,-17.3310637,-56.5949482,2017-07-15
Pyrocephalus rubinus,-17.1027162,-56.9430464,2017-07-27
Pyrocephalus rubinus,-16.3786111,-56.6208333,2017-07-19
Pyrocephalus rubinus,-17.1174301,-56.9291611,2017-07-14
Pyrocephalus rubinus,-17.2992208,-56.8381275,2017-07-28
Pyrocephalus rubinus,-15.6355594,-56.062932,2017-07-05
Pyrocephalus rubinus,-17.2826279,-56.6988087,2017-07-14
Pyrocephalus rubinus,-16.7581146,-56.8772335,2017-07-11
Pyrocephalus rubinus,-16.419554,-56.611811,2017-07-08
Pyrocephalus rubinus,-17.2826279,-56.6988087,2017-07-16
Pyrocephalus rubinus,-17.2826279,-56.6988087,2017-07-14
Pyrocephalus rubinus,-16.7480953,-56.857471,2017-07-30
Pyrocephalus rubinus,-17.2826279,-56.6988087,2017-07-15
Pyrocephalus rubinus,-16.3786111,-56.6208333,2017-07-24
Pyrocephalus rubinus,-16.7480953,-56.857471,2017-07-28
Pyrocephalus rubinus,-16.7842068,-56.844017,2017-07-13
Pyrocephalus rubinus,-16.3786111,-56.6208333,2017-07-06
Pyrocephalus rubinus,-16.7581146,-56.8772335,2017-07-28
Pyrocephalus rubinus,-16.7842068,-56.844017,2017-07-13
Pyrocephalus rubinus,-16.3786111,-56.6208333,2017-07-19
Pyrocephalus rubinus,-16.7581146,-56.8772335,2017-07-12
Pyrocephalus rubinus,-16.3786111,-56.6208333,2017-07-19
Pyrocephalus rubinus,-17.364511,-56.774766,2017-07-13
Pyrocephalus rubinus,-16.7480953,-56.857471,2017-07-29
Pyrocephalus rubinus,-16.4100075,-56.6735047,2017-07-26
Pyrocephalus rubinus,-17.2992208,-56.8381275,2017-07-28
Pyrocephalus rubinus,-16.7480953,-56.857471,2017-07-29
Pyrocephalus rubinus,-16.3786111,-56.6208333,2017-07-24
Pyrocephalus rubinus,-16.3786111,-56.6208333,2017-07-17
Pyrocephalus rubinus,-17.2826279,-56.6988087,2017-07-16
Pyrocephalus rubinus,-16.6206959,-56.7353135,2017-07-17
Pyrocephalus rubinus,-16.3786111,-56.6208333,2017-07-25
Pyrocephalus rubinus,-17.3645242,-56.7751122,2017-07-19
Pyrocephalus rubinus,-16.3786111,-56.6208333,2017-07-24
Pyrocephalus rubinus,-16.7581146,-56.8772335,2017-07-12
Pyrocephalus rubinus,-17.3645242,-56.7751122,2017-07-17
Pyrocephalus rubinus,-16.3786111,-56.6208333,2017-07-25
Pyrocephalus rubinus,-16.7842068,-56.844017,2017-07-13
Pyrocephalus rubinus,-16.6206959,-56.7353135,2017-07-16
Pyrocephalus rubinus,-16.3786111,-56.6208333,2017-07-06
Pyrocephalus rubinus,-17.3645242,-56.7751122,2017-07-30
Pyrocephalus rubinus,-17.2826279,-56.6988087,2017-07-16
Pyrocephalus rubinus,-16.4100075,-56.6735047,2017-07-27
Pyrocephalus rubinus,-17.276485,-56.697951,2017-07-09
Pyrocephalus rubinus,-17.2992208,-56.8381275,2017-07-07
Pyrocephalus rubinus,-16.7581146,-56.8772335,2017-07-12
Pyrocephalus rubinus,-16.4100075,-56.6735047,2017-07-27
Pyrocephalus rubinus,-16.3786111,-56.6208333,2017-07-23
Pyrocephalus rubinus,-17.3645242,-56.7751122,2017-07-16
Pyrocephalus rubinus,-16.7581146,-56.8772335,2017-07-13
Pyrocephalus rubinus,-17.3645242,-56.7751122,2017-07-06
Pyrocephalus rubinus,-16.7581146,-56.8772335,2017-07-17
Pyrocephalus rubinus,-17.2826279,-56.6988087,2017-07-14
Pyrocephalus rubinus,-16.7581146,-56.8772335,2017-07-11
Pyrocephalus rubinus,-17.2826279,-56.6988087,2017-07-15
Pyrocephalus rubinus,-17.2826279,-56.6988087,2017-07-16
Pyrocephalus rubinus,-16.4569228,-56.69135,2017-07-18
Pyrocephalus rubinus,-16.2797222,-56.4833333,2017-07-02
Pyrocephalus rubinus,-17.1027162,-56.9430464,2017-07-27
Pyrocephalus rubinus,-17.3645242,-56.7751122,2017-07-30
Pyrocephalus rubinus,-16.350032,-56.644701,2017-07-06
Pyrocephalus rubinus,-16.4569228,-56.69135,2017-07-18
Pyrocephalus rubinus,-16.7480953,-56.857471,2017-07-30
Pyrocephalus rubinus,-17.3645242,-56.7751122,2017-07-16
Pyrocephalus rubinus,-17.2826279,-56.6988087,2017-07-14
Pyrocephalus rubinus,-16.7581146,-56.8772335,2017-07-30
Pyrocephalus rubinus,-16.4569228,-56.69135,2017-07-29
Pyrocephalus rubinus,-16.6206959,-56.7353135,2017-07-27
Pyrocephalus rubinus,-16.7480953,-56.857471,2017-07-29
Pyrocephalus rubinus,-16.7581146,-56.8772335,2017-07-13
Pyrocephalus rubinus,-16.4569228,-56.69135,2017-07-18
Pyrocephalus rubinus,-17.3645242,-56.7751122,2017-07-17
Pyrocephalus rubinus,-17.2992208,-56.8381275,2017-07-28
Pyrocephalus rubinus,-16.7581146,-56.8772335,2017-07-17
Pyrocephalus rubinus,-17.262463,-56.90291,2017-07-15
Pyrocephalus rubinus,-16.7480953,-56.857471,2017-07-29
Pyrocephalus rubinus,-17.2826279,-56.6988087,2017-07-14
Pyrocephalus rubinus,-15.6548787,-56.1219082,2017-07-22
Pyrocephalus rubinus,-16.6206959,-56.7353135,2017-07-17
Pyrocephalus rubinus,-16.7480953,-56.857471,2017-07-30
Pyrocephalus rubinus,-16.5122399,-56.7117691,2017-07-28
Pyrocephalus rubinus,-17.3645242,-56.7751122,2017-07-17
Pyrocephalus rubinus,-17.364511,-56.774766,2017-07-13
Pyrocephalus rubinus,-17.276485,-56.697951,2017-07-09
Pyrocephalus rubinus,-17.2826279,-56.6988087,2017-07-16
Pyrocephalus rubinus,-16.7581146,-56.8772335,2017-07-12
Pyrocephalus rubinus,-16.7581146,-56.8772335,2017-07-12
Pyrocephalus rubinus,-16.7581146,-56.8772335,2017-07-11
Pyrocephalus rubinus,-15.6355594,-56.062932,2017-07-05
Pyrocephalus rubinus,-16.350078,-56.644695,2017-07-06
Pyrocephalus rubinus,-16.7480953,-56.857471,2017-07-30
Pyrocephalus rubinus,-15.6548787,-56.1219082,2017-07-22
Pyrocephalus rubinus,-16.7581146,-56.8772335,2017-07-28
Pyrocephalus rubinus,-17.2826279,-56.6988087,2017-07-14
Pyrocephalus rubinus,-15.6355594,-56.062932,2017-07-05
Pyrocephalus rubinus,-17.270105,-56.888922,2017-07-18
Pyrocephalus rubinus,-16.3786111,-56.6208333,2017-07-19
Pyrocephalus rubinus,-16.7581146,-56.8772335,2017-07-17
Pyrocephalus rubinus,-16.7842068,-56.844017,2017-07-13
Pyrocephalus rubinus,-17.270105,-56.888922,2017-07-18
Pyrocephalus rubinus,-16.3786111,-56.6208333,2017-07-01
Pyrocephalus rubinus,-16.7581146,-56.8772335,2017-07-31
Pyrocephalus rubinus,-17.1174301,-56.9291611,2017-07-19
Pyrocephalus rubinus,-16.3786111,-56.6208333,2017-07-01
Pyrocephalus rubinus,-17.2826279,-56.6988087,2017-07-06
Pyrocephalus rubinus,-16.7480953,-56.857471,2017-07-28
Pyrocephalus rubinus,-16.3786111,-56.6208333,2017-07-01
Pyrocephalus rubinus,-17.2992208,-56.8381275,2017-07-17
Pyrocephalus rubinus,-17.2992208,-56.8381275,2017-07-17
Pyrocephalus rubinus,-17.2671376,-56.8937302,2017-07-08
Pyrocephalus rubinus,-16.7581146,-56.8772335,2017-07-30
Pyrocephalus rubinus,-17.2826279,-56.6988087,2017-07-15
Pyrocephalus rubinus,-17.2826279,-56.6988087,2017-07-15
Pyrocephalus rubinus,-17.3310637,-56.5949482,2017-07-15
Pyrocephalus rubinus,-16.7581146,-56.8772335,2017-07-12
Pyrocephalus rubinus,-16.7479566,-56.8570536,2017-07-14
Pyrocephalus rubinus,-17.3645242,-56.7751122,2017-07-26
Pyrocephalus rubinus,-16.7581146,-56.8772335,2017-07-12
Pyrocephalus rubinus,-16.7581146,-56.8772335,2017-07-12
Pyrocephalus rubinus,-15.1206667,-59.6543056,2017-07-01
Pyrocephalus rubinus,-16.7581146,-56.8772335,2017-07-11
Pyrocephalus rubinus,-14.0479065,-60.3265017,2017-07-04
Pyrocephalus rubinus,-17.2826279,-56.6988087,2017-07-15
Pyrocephalus rubinus,-16.7480953,-56.857471,2017-07-27
Pyrocephalus rubinus,-17.2992208,-56.8381275,2017-07-16
Pyrocephalus rubinus,-17.3645242,-56.7751122,2017-07-22
Pyrocephalus rubinus,-16.4569228,-56.69135,2017-07-18
Pyrocephalus rubinus,-17.2826279,-56.6988087,2017-07-15
Pyrocephalus rubinus,-17.2826279,-56.6988087,2017-07-14
Pyrocephalus rubinus,-16.7480953,-56.857471,2017-07-30
Pyrocephalus rubinus,-17.2826279,-56.6988087,2017-07-14
Pyrocephalus rubinus,-17.2826279,-56.6988087,2017-07-14
Pyrocephalus rubinus,-16.6206959,-56.7353135,2017-07-28
Pyrocephalus rubinus,-17.3310637,-56.5949482,2017-07-15
Pyrocephalus rubinus,-16.7480953,-56.857471,2017-07-29
Pyrocephalus rubinus,-16.7842068,-56.844017,2017-07-13
Pyrocephalus rubinus,-16.4100075,-56.6735047,2017-07-27
Pyrocephalus rubinus,-16.3786111,-56.6208333,2017-07-19
Pyrocephalus rubinus,-17.2826279,-56.6988087,2017-07-14
Pyrocephalus rubinus,-16.3786111,-56.6208333,2017-07-24
Pyrocephalus rubinus,-17.3645242,-56.7751122,2017-07-16
Pyrocephalus rubinus,-17.3310637,-56.5949482,2017-07-15
Pyrocephalus rubinus,-16.7581146,-56.8772335,2017-07-31
Pyrocephalus rubinus,-16.4569228,-56.69135,2017-07-18
Pyrocephalus rubinus,-16.7581146,-56.8772335,2017-07-13
Pyrocephalus rubinus,-17.2826279,-56.6988087,2017-07-14
Pyrocephalus rubinus,-16.3786111,-56.6208333,2017-07-25
Pyrocephalus rubinus,-16.7581146,-56.8772335,2017-07-13
Pyrocephalus rubinus,-16.6206959,-56.7353135,2017-07-16
Pyrocephalus rubinus,-17.276485,-56.697951,2017-07-09
Pyrocephalus rubinus,-16.7581146,-56.8772335,2017-07-31
Pyrocephalus rubinus,-16.4569228,-56.69135,2017-07-13
Pyrocephalus rubinus,-16.7581146,-56.8772335,2017-07-13
Pyrocephalus rubinus,-16.7581146,-56.8772335,2017-07-12
Pyrocephalus rubinus,-16.6206959,-56.7353135,2017-07-28
Pyrocephalus rubinus,-16.7581146,-56.8772335,2017-07-11
Pyrocephalus rubinus,-16.7480953,-56.857471,2017-07-30
Pyrocephalus rubinus,-16.7581146,-56.8772335,2017-07-17
Pyrocephalus rubinus,-16.6206959,-56.7353135,2017-07-19
Pyrocephalus rubinus,-16.5030776,-56.7453337,2017-08-18
Pyrocephalus rubinus,-16.7480953,-56.857471,2017-08-23
Pyrocephalus rubinus,-16.7480953,-56.857471,2017-08-09
Pyrocephalus rubinus,-16.5031037,-56.7451081,2017-08-14
Pyrocephalus rubinus,-15.4440009,-55.824666,2017-08-01
Pyrocephalus rubinus,-16.3786111,-56.6208333,2017-08-05
Pyrocephalus rubinus,-16.570503,-56.727147,2017-08-20
Pyrocephalus rubinus,-16.7581146,-56.8772335,2017-08-01
Pyrocephalus rubinus,-16.5030776,-56.7453337,2017-08-31
Pyrocephalus rubinus,-16.8394582,-56.8405581,2017-08-20
Pyrocephalus rubinus,-16.3786111,-56.6208333,2017-08-02
Pyrocephalus rubinus,-16.7480953,-56.857471,2017-08-21
Pyrocephalus rubinus,-16.7480953,-56.857471,2017-08-23
Pyrocephalus rubinus,-15.642448,-56.110779,2017-08-20
Pyrocephalus rubinus,-16.345982,-55.8630431,2017-08-23
Pyrocephalus rubinus,-17.3645242,-56.7751122,2017-08-15
Pyrocephalus rubinus,-16.7581146,-56.8772335,2017-08-24
Pyrocephalus rubinus,-17.2826279,-56.6988087,2017-08-29
Pyrocephalus rubinus,-16.345982,-55.8630431,2017-08-24
Pyrocephalus rubinus,-17.1174301,-56.9291611,2017-08-16
Pyrocephalus rubinus,-16.7480953,-56.857471,2017-08-22
Pyrocephalus rubinus,-15.5780615,-56.101189,2017-08-28
Pyrocephalus rubinus,-16.7480953,-56.857471,2017-08-23
Pyrocephalus rubinus,-17.3645242,-56.7751122,2017-08-28
Pyrocephalus rubinus,-15.6980477,-56.1650705,2017-08-01
Pyrocephalus rubinus,-16.8394582,-56.8405581,2017-08-18
Pyrocephalus rubinus,-17.1174301,-56.9291611,2017-08-16
Pyrocephalus rubinus,-16.7480953,-56.857471,2017-08-16
Pyrocephalus rubinus,-15.642448,-56.110779,2017-08-20
Pyrocephalus rubinus,-17.1027162,-56.9430464,2017-08-09
Pyrocephalus rubinus,-17.3645242,-56.7751122,2017-08-30
Pyrocephalus rubinus,-15.642448,-56.110779,2017-08-20
Pyrocephalus rubinus,-16.7581146,-56.8772335,2017-08-31
Pyrocephalus rubinus,-16.8394582,-56.8405581,2017-08-18
Pyrocephalus rubinus,-16.7480953,-56.857471,2017-08-21
Pyrocephalus rubinus,-16.7581146,-56.8772335,2017-08-31
Pyrocephalus rubinus,-16.7480953,-56.857471,2017-08-23
Pyrocephalus rubinus,-17.3645242,-56.7751122,2017-08-14
Pyrocephalus rubinus,-17.3265767,-56.6399503,2017-08-25
Pyrocephalus rubinus,-15.4440009,-55.824666,2017-08-01
Pyrocephalus rubinus,-17.262292,-56.903103,2017-08-13
Pyrocephalus rubinus,-17.3645242,-56.7751122,2017-08-15
Pyrocephalus rubinus,-17.3265767,-56.6399503,2017-08-26
Pyrocephalus rubinus,-16.7581146,-56.8772335,2017-08-31
Pyrocephalus rubinus,-17.262292,-56.903103,2017-08-13
Pyrocephalus rubinus,-15.4440009,-55.824666,2017-08-01
Pyrocephalus rubinus,-17.3645242,-56.7751122,2017-08-23
Pyrocephalus rubinus,-16.7581146,-56.8772335,2017-08-31
Pyrocephalus rubinus,-16.3786111,-56.6208333,2017-08-02
Pyrocephalus rubinus,-17.3645242,-56.7751122,2017-08-14
Pyrocephalus rubinus,-17.3645242,-56.7751122,2017-08-29
Pyrocephalus rubinus,-16.7581146,-56.8772335,2017-08-25
Pyrocephalus rubinus,-16.5031037,-56.7451081,2017-08-14
Pyrocephalus rubinus,-16.995367,-56.9624805,2017-08-28
Pyrocephalus rubinus,-16.7480953,-56.857471,2017-08-15
Pyrocephalus rubinus,-17.3265767,-56.6399503,2017-08-27
Pyrocephalus rubinus,-16.7480953,-56.857471,2017-08-21
Pyrocephalus rubinus,-16.345982,-55.8630431,2017-08-22
Pyrocephalus rubinus,-17.2826279,-56.6988087,2017-09-15
Pyrocephalus rubinus,-16.3882313,-56.5896033,2017-09-26
Pyrocephalus rubinus,-16.3786111,-56.6208333,2017-09-29
Pyrocephalus rubinus,-16.7480953,-56.857471,2017-09-14
Pyrocephalus rubinus,-16.5122399,-56.7117691,2017-09-28
Pyrocephalus rubinus,-16.7480953,-56.857471,2017-09-27
Pyrocephalus rubinus,-17.3645242,-56.7751122,2017-09-03
Pyrocephalus rubinus,-16.7480953,-56.857471,2017-09-14
Pyrocephalus rubinus,-17.2826279,-56.6988087,2017-09-04
Pyrocephalus rubinus,-16.7480953,-56.857471,2017-09-27
Pyrocephalus rubinus,-16.7480953,-56.857471,2017-09-13
Pyrocephalus rubinus,-16.7480953,-56.857471,2017-09-07
Pyrocephalus rubinus,-16.3882313,-56.5896033,2017-09-26
Pyrocephalus rubinus,-16.5030776,-56.7453337,2017-09-07
Pyrocephalus rubinus,-16.3786111,-56.6208333,2017-09-29
Pyrocephalus rubinus,-16.7480953,-56.857471,2017-09-13
Pyrocephalus rubinus,-16.3882313,-56.5896033,2017-09-26
Pyrocephalus rubinus,-16.7480953,-56.857471,2017-09-14
Pyrocephalus rubinus,-17.2826279,-56.6988087,2017-09-13
Pyrocephalus rubinus,-16.3440387,-56.630351,2017-09-26
Pyrocephalus rubinus,-16.3440387,-56.630351,2017-09-26
Pyrocephalus rubinus,-16.5030776,-56.7453337,2017-09-05
Pyrocephalus rubinus,-16.3882313,-56.5896033,2017-09-26
Pyrocephalus rubinus,-16.7480953,-56.857471,2017-09-24
Pyrocephalus rubinus,-16.7581146,-56.8772335,2017-09-01
Pyrocephalus rubinus,-16.5030776,-56.7453337,2017-09-01
Pyrocephalus rubinus,-16.3440387,-56.630351,2017-09-26
Pyrocephalus rubinus,-16.3440387,-56.630351,2017-09-26
Pyrocephalus rubinus,-17.2826279,-56.6988087,2017-09-04
Pyrocephalus rubinus,-16.3786111,-56.6208333,2017-09-11
Pyrocephalus rubinus,-16.3882313,-56.5896033,2017-09-26
Pyrocephalus rubinus,-17.4087141,-56.8403864,2017-09-03
Pyrocephalus rubinus,-16.5030776,-56.7453337,2017-09-06
Pyrocephalus rubinus,-16.5030776,-56.7453337,2017-09-24
Pyrocephalus rubinus,-16.7480953,-56.857471,2017-09-07
Pyrocephalus rubinus,-16.3786111,-56.6208333,2017-09-27
Pyrocephalus rubinus,-17.2826279,-56.6988087,2017-09-03
Pyrocephalus rubinus,-17.3645242,-56.7751122,2017-09-03
Pyrocephalus rubinus,-16.3440387,-56.630351,2017-09-26
Pyrocephalus rubinus,-16.3440387,-56.630351,2017-09-26
Pyrocephalus rubinus,-16.5030776,-56.7453337,2017-09-28
Pyrocephalus rubinus,-17.3645242,-56.7751122,2017-09-27
Pyrocephalus rubinus,-16.5030776,-56.7453337,2017-09-06
Pyrocephalus rubinus,-17.3645242,-56.7751122,2017-09-04
Pyrocephalus rubinus,-16.3786111,-56.6208333,2017-09-10
Pyrocephalus rubinus,-17.2826279,-56.6988087,2017-09-03
Pyrocephalus rubinus,-17.3645242,-56.7751122,2017-09-02
Pyrocephalus rubinus,-16.7480953,-56.857471,2017-09-13
Pyrocephalus rubinus,-16.5030776,-56.7453337,2017-09-23
Pyrocephalus rubinus,-16.3786111,-56.6208333,2017-09-01
Pyrocephalus rubinus,-16.5030776,-56.7453337,2017-09-11
Pyrocephalus rubinus,-16.3786111,-56.6208333,2017-09-29
Pyrocephalus rubinus,-16.3786111,-56.6208333,2017-09-29
Pyrocephalus rubinus,-16.570503,-56.727147,2017-09-04
Pyrocephalus rubinus,-16.7581146,-56.8772335,2017-09-02
Pyrocephalus rubinus,-16.7581146,-56.8772335,2017-09-01
Pyrocephalus rubinus,-16.7480953,-56.857471,2017-09-13
Pyrocephalus rubinus,-16.3786111,-56.6208333,2017-09-10
Pyrocephalus rubinus,-16.3786111,-56.6208333,2017-09-27
Pyrocephalus rubinus,-17.276098,-56.696374,2017-09-04
Pyrocephalus rubinus,-16.5122399,-56.7117691,2017-09-03
Pyrocephalus rubinus,-16.3786111,-56.6208333,2017-09-10
Pyrocephalus rubinus,-16.7480953,-56.857471,2017-09-13
Pyrocephalus rubinus,-16.3786111,-56.6208333,2017-09-10
Pyrocephalus rubinus,-16.7581146,-56.8772335,2017-09-02
Pyrocephalus rubinus,-16.5030776,-56.7453337,2017-09-28
Pyrocephalus rubinus,-16.5030776,-56.7453337,2017-09-06
Pyrocephalus rubinus,-16.3786111,-56.6208333,2017-09-29
Pyrocephalus rubinus,-16.3882313,-56.5896033,2017-09-27
Pyrocephalus rubinus,-16.5030776,-56.7453337,2017-09-05
Pyrocephalus rubinus,-16.3882313,-56.5896033,2017-09-26
Pyrocephalus rubinus,-17.3645242,-56.7751122,2017-09-27
Pyrocephalus rubinus,-17.2826279,-56.6988087,2017-09-16
Pyrocephalus rubinus,-17.4089598,-56.8324471,2017-09-10
Pyrocephalus rubinus,-16.3786111,-56.6208333,2017-09-29
Pyrocephalus rubinus,-16.7480953,-56.857471,2017-09-24
Pyrocephalus rubinus,-16.7480953,-56.857471,2017-09-14
Pyrocephalus rubinus,-16.5030776,-56.7453337,2017-09-07
Pyrocephalus rubinus,-16.366612,-56.29774,2017-09-18
Pyrocephalus rubinus,-16.5030776,-56.7453337,2017-09-06
Pyrocephalus rubinus,-16.3786111,-56.6208333,2017-09-10
Pyrocephalus rubinus,-17.354311,-56.768735,2018-02-06
Pyrocephalus rubinus,-14.6275954,-56.2753201,2018-02-24
Pyrocephalus rubinus,-16.2461926,-55.7838804,2018-03-03
Pyrocephalus rubinus,-15.5793273,-56.1049461,2018-04-29
Pyrocephalus rubinus,-16.5131245,-56.3778019,2018-05-28
Pyrocephalus rubinus,-16.5131245,-56.3778019,2018-05-29
Pyrocephalus rubinus,-16.4569228,-56.69135,2018-05-02
Pyrocephalus rubinus,-13.5407027,-56.6315174,2018-05-09
Pyrocephalus rubinus,-16.7581146,-56.8772335,2018-06-17
Pyrocephalus rubinus,-16.7581146,-56.8772335,2018-06-15
Pyrocephalus rubinus,-16.7581146,-56.8772335,2018-06-16
Pyrocephalus rubinus,-9.8561933,-58.2485159,2018-06-23
Pyrocephalus rubinus,-17.3645242,-56.7751122,2018-06-24
Pyrocephalus rubinus,-16.1250146,-56.6117942,2018-07-15
Pyrocephalus rubinus,-16.7581146,-56.8772335,2018-07-11
Pyrocephalus rubinus,-16.64406,-56.77075,2018-07-21
Pyrocephalus rubinus,-16.3786111,-56.6208333,2018-07-18
Pyrocephalus rubinus,-16.3786111,-56.6208333,2018-07-02
Pyrocephalus rubinus,-17.2826279,-56.6988087,2018-07-07
Pyrocephalus rubinus,-17.2826279,-56.6988087,2018-07-20
Pyrocephalus rubinus,-16.3786111,-56.6208333,2018-07-15
Pyrocephalus rubinus,-17.3061326,-56.7165542,2018-07-24
Pyrocephalus rubinus,-17.2826279,-56.6988087,2018-07-18
Pyrocephalus rubinus,-16.5122399,-56.7117691,2018-07-09
Pyrocephalus rubinus,-16.7581146,-56.8772335,2018-07-10
Pyrocephalus rubinus,-17.3387,-56.7698768,2018-07-30
Pyrocephalus rubinus,-17.2577924,-56.9083665,2018-07-13
Pyrocephalus rubinus,-16.7339549,-56.8629451,2018-07-10
Pyrocephalus rubinus,-17.3477896,-56.7695402,2018-07-16
Pyrocephalus rubinus,-17.2992208,-56.8381275,2018-07-21
Pyrocephalus rubinus,-17.3645242,-56.7751122,2018-07-29
Pyrocephalus rubinus,-16.7581146,-56.8772335,2018-07-11
Pyrocephalus rubinus,-16.7581146,-56.8772335,2018-07-11
Pyrocephalus rubinus,-16.7581146,-56.8772335,2018-07-11
Pyrocephalus rubinus,-17.3645242,-56.7751122,2018-07-16
Pyrocephalus rubinus,-17.262464,-56.902747,2018-07-06
Pyrocephalus rubinus,-16.5030776,-56.7453337,2018-07-17
Pyrocephalus rubinus,-16.7842068,-56.844017,2018-07-12
Pyrocephalus rubinus,-16.7842068,-56.844017,2018-07-15
Pyrocephalus rubinus,-16.7581146,-56.8772335,2018-07-11
Pyrocephalus rubinus,-16.5122399,-56.7117691,2018-07-10
Pyrocephalus rubinus,-16.3786111,-56.6208333,2018-07-18
Pyrocephalus rubinus,-16.5122399,-56.7117691,2018-07-09
Pyrocephalus rubinus,-17.2992208,-56.8381275,2018-07-18
Pyrocephalus rubinus,-17.2826279,-56.6988087,2018-07-17
Pyrocephalus rubinus,-16.614851,-56.746316,2018-07-06
Pyrocephalus rubinus,-17.2826279,-56.6988087,2018-07-30
Pyrocephalus rubinus,-16.2737172,-56.6243935,2018-07-05
Pyrocephalus rubinus,-16.7581146,-56.8772335,2018-07-12
Pyrocephalus rubinus,-17.3645242,-56.7751122,2018-07-05
Pyrocephalus rubinus,-16.7581146,-56.8772335,2018-07-10
Pyrocephalus rubinus,-16.7581146,-56.8772335,2018-07-11
Pyrocephalus rubinus,-16.3786111,-56.6208333,2018-07-11
Pyrocephalus rubinus,-16.614851,-56.746316,2018-07-06
Pyrocephalus rubinus,-17.3387,-56.7698768,2018-07-29
Pyrocephalus rubinus,-16.5030776,-56.7453337,2018-07-21
Pyrocephalus rubinus,-16.7581146,-56.8772335,2018-07-26
Pyrocephalus rubinus,-16.5030776,-56.7453337,2018-07-18
Pyrocephalus rubinus,-16.3786111,-56.6208333,2018-07-25
Pyrocephalus rubinus,-17.2826279,-56.6988087,2018-07-10
Pyrocephalus rubinus,-17.2992208,-56.8381275,2018-07-18
Pyrocephalus rubinus,-16.3786111,-56.6208333,2018-07-20
Pyrocephalus rubinus,-16.5030776,-56.7453337,2018-07-18
Pyrocephalus rubinus,-17.3477896,-56.7695402,2018-07-15
Pyrocephalus rubinus,-16.3786111,-56.6208333,2018-07-10
Pyrocephalus rubinus,-16.5030776,-56.7453337,2018-07-20
Pyrocephalus rubinus,-17.2826279,-56.6988087,2018-07-07
Pyrocephalus rubinus,-16.3786111,-56.6208333,2018-07-10
Pyrocephalus rubinus,-17.2992208,-56.8381275,2018-07-18
Pyrocephalus rubinus,-13.518001,-56.6198823,2018-07-13
Pyrocephalus rubinus,-16.7581146,-56.8772335,2018-07-28
Pyrocephalus rubinus,-17.3061326,-56.7165542,2018-07-13
Pyrocephalus rubinus,-13.518001,-56.6198823,2018-07-13
Pyrocephalus rubinus,-16.5030776,-56.7453337,2018-07-21
Pyrocephalus rubinus,-17.257791,-56.908384,2018-07-13
Pyrocephalus rubinus,-17.3548816,-56.7681954,2018-07-15
Pyrocephalus rubinus,-16.6196209,-56.7346988,2018-07-19
Pyrocephalus rubinus,-16.7581146,-56.8772335,2018-07-11
Pyrocephalus rubinus,-17.2826279,-56.6988087,2018-07-25
Pyrocephalus rubinus,-17.3645242,-56.7751122,2018-07-20
Pyrocephalus rubinus,-17.2826279,-56.6988087,2018-07-26
Pyrocephalus rubinus,-17.2826279,-56.6988087,2018-07-17
Pyrocephalus rubinus,-16.7581146,-56.8772335,2018-07-25
Pyrocephalus rubinus,-16.1250146,-56.6117942,2018-07-18
Pyrocephalus rubinus,-13.518001,-56.6198823,2018-07-13
Pyrocephalus rubinus,-16.614851,-56.746316,2018-07-06
Pyrocephalus rubinus,-17.2992208,-56.8381275,2018-07-21
Pyrocephalus rubinus,-17.2577924,-56.9083665,2018-07-13
Pyrocephalus rubinus,-16.6206959,-56.7353135,2018-07-03
Pyrocephalus rubinus,-16.7581146,-56.8772335,2018-07-10
Pyrocephalus rubinus,-16.5131245,-56.3778019,2018-07-31
Pyrocephalus rubinus,-9.8571658,-58.2530971,2018-07-04
Pyrocephalus rubinus,-17.1174301,-56.9291611,2018-07-18
Pyrocephalus rubinus,-16.2737172,-56.6243935,2018-07-05
Pyrocephalus rubinus,-17.2826279,-56.6988087,2018-07-20
Pyrocephalus rubinus,-17.2826279,-56.6988087,2018-07-17
Pyrocephalus rubinus,-17.2826279,-56.6988087,2018-07-17
Pyrocephalus rubinus,-16.5030776,-56.7453337,2018-07-18
Pyrocephalus rubinus,-16.7480953,-56.857471,2018-07-22
Pyrocephalus rubinus,-16.5030776,-56.7453337,2018-07-17
Pyrocephalus rubinus,-16.7581146,-56.8772335,2018-07-12
Pyrocephalus rubinus,-16.7581146,-56.8772335,2018-07-16
Pyrocephalus rubinus,-16.5122399,-56.7117691,2018-07-11
Pyrocephalus rubinus,-16.5131245,-56.3778019,2018-07-31
Pyrocephalus rubinus,-16.7842068,-56.844017,2018-07-03
Pyrocephalus rubinus,-16.7581146,-56.8772335,2018-07-28
Pyrocephalus rubinus,-16.3786111,-56.6208333,2018-07-10
Pyrocephalus rubinus,-16.3786111,-56.6208333,2018-07-21
Pyrocephalus rubinus,-17.1027162,-56.9430464,2018-07-10
Pyrocephalus rubinus,-17.3645242,-56.7751122,2018-07-20
Pyrocephalus rubinus,-16.5030776,-56.7453337,2018-07-21
Pyrocephalus rubinus,-17.3645242,-56.7751122,2018-07-29
Pyrocephalus rubinus,-16.5030776,-56.7453337,2018-07-09
Pyrocephalus rubinus,-16.6206959,-56.7353135,2018-07-24
Pyrocephalus rubinus,-16.132179,-55.770012,2018-07-14
Pyrocephalus rubinus,-16.5030776,-56.7453337,2018-07-21
Pyrocephalus rubinus,-17.2826279,-56.6988087,2018-07-18
Pyrocephalus rubinus,-17.2826279,-56.6988087,2018-07-20
Pyrocephalus rubinus,-17.2826279,-56.6988087,2018-07-07
Pyrocephalus rubinus,-16.5030776,-56.7453337,2018-07-20
Pyrocephalus rubinus,-16.7581146,-56.8772335,2018-07-11
Pyrocephalus rubinus,-17.1174301,-56.9291611,2018-07-18
Pyrocephalus rubinus,-17.3645242,-56.7751122,2018-07-27
Pyrocephalus rubinus,-16.7488978,-56.8565593,2018-07-23
Pyrocephalus rubinus,-16.7501729,-56.8630389,2018-07-24
Pyrocephalus rubinus,-16.3786111,-56.6208333,2018-07-10
Pyrocephalus rubinus,-16.6196209,-56.7346988,2018-07-19
Pyrocephalus rubinus,-17.3645242,-56.7751122,2018-07-20
Pyrocephalus rubinus,-17.167335,-56.577079,2018-07-20
Pyrocephalus rubinus,-16.7581146,-56.8772335,2018-07-10
Pyrocephalus rubinus,-17.3645242,-56.7751122,2018-07-20
Pyrocephalus rubinus,-13.5407027,-56.6315174,2018-07-23
Pyrocephalus rubinus,-16.7581146,-56.8772335,2018-07-10
Pyrocephalus rubinus,-16.5030776,-56.7453337,2018-07-17
Pyrocephalus rubinus,-16.3786111,-56.6208333,2018-07-19
Pyrocephalus rubinus,-13.518001,-56.6198823,2018-07-13
Pyrocephalus rubinus,-16.7581146,-56.8772335,2018-07-20
Pyrocephalus rubinus,-16.3786111,-56.6208333,2018-07-11
Pyrocephalus rubinus,-17.1174301,-56.9291611,2018-07-18
Pyrocephalus rubinus,-17.3061326,-56.7165542,2018-07-13
Pyrocephalus rubinus,-16.7581146,-56.8772335,2018-07-05
Pyrocephalus rubinus,-16.5030776,-56.7453337,2018-07-16
Pyrocephalus rubinus,-16.3786111,-56.6208333,2018-07-10
Pyrocephalus rubinus,-17.2826279,-56.6988087,2018-07-07
Pyrocephalus rubinus,-16.7842068,-56.844017,2018-07-15
Pyrocephalus rubinus,-17.1174301,-56.9291611,2018-07-18
Pyrocephalus rubinus,-16.366612,-56.29774,2018-07-14
Pyrocephalus rubinus,-16.3786111,-56.6208333,2018-07-19
Pyrocephalus rubinus,-15.3348645,-56.1119452,2018-07-08
Pyrocephalus rubinus,-16.366612,-56.29774,2018-07-14
Pyrocephalus rubinus,-17.3645242,-56.7751122,2018-07-20
Pyrocephalus rubinus,-16.7581146,-56.8772335,2018-07-22
Pyrocephalus rubinus,-17.2826279,-56.6988087,2018-07-17
Pyrocephalus rubinus,-16.3786111,-56.6208333,2018-07-21
Pyrocephalus rubinus,-17.2992208,-56.8381275,2018-07-18
Pyrocephalus rubinus,-16.3786111,-56.6208333,2018-07-11
Pyrocephalus rubinus,-16.7581146,-56.8772335,2018-07-27
Pyrocephalus rubinus,-16.3786111,-56.6208333,2018-07-11
Pyrocephalus rubinus,-16.7842068,-56.844017,2018-07-15
Pyrocephalus rubinus,-16.5030776,-56.7453337,2018-07-18
Pyrocephalus rubinus,-16.5030776,-56.7453337,2018-07-17
Pyrocephalus rubinus,-17.3310637,-56.5949482,2018-07-15
Pyrocephalus rubinus,-16.7842068,-56.844017,2018-07-12
Pyrocephalus rubinus,-16.3786111,-56.6208333,2018-07-02
Pyrocephalus rubinus,-16.5030776,-56.7453337,2018-07-17
Pyrocephalus rubinus,-16.6206959,-56.7353135,2018-07-18
Pyrocephalus rubinus,-17.3545672,-56.7685072,2018-07-17
Pyrocephalus rubinus,-16.6196209,-56.7346988,2018-07-19
Pyrocephalus rubinus,-16.3786111,-56.6208333,2018-07-22
Pyrocephalus rubinus,-16.4569228,-56.69135,2018-07-26
Pyrocephalus rubinus,-17.3061326,-56.7165542,2018-07-16
Pyrocephalus rubinus,-17.245008,-56.653117,2018-07-17
Pyrocephalus rubinus,-17.2577924,-56.9083665,2018-07-13
Pyrocephalus rubinus,-17.1174301,-56.9291611,2018-07-18
Pyrocephalus rubinus,-16.6196209,-56.7346988,2018-07-19
Pyrocephalus rubinus,-17.3645242,-56.7751122,2018-07-23
Pyrocephalus rubinus,-16.6622288,-56.7692561,2018-07-24
Pyrocephalus rubinus,-16.7581146,-56.8772335,2018-07-10
Pyrocephalus rubinus,-17.3061326,-56.7165542,2018-07-13
Pyrocephalus rubinus,-16.614851,-56.746316,2018-07-06
Pyrocephalus rubinus,-16.6206959,-56.7353135,2018-07-18
Pyrocephalus rubinus,-17.1174301,-56.9291611,2018-07-09
Pyrocephalus rubinus,-17.3545672,-56.7685072,2018-07-16
Pyrocephalus rubinus,-16.7488978,-56.8565593,2018-07-25
Pyrocephalus rubinus,-16.3786111,-56.6208333,2018-07-10
Pyrocephalus rubinus,-17.3061326,-56.7165542,2018-07-16
Pyrocephalus rubinus,-16.5122399,-56.7117691,2018-07-10
Pyrocephalus rubinus,-17.3310637,-56.5949482,2018-07-15
Pyrocephalus rubinus,-17.2826279,-56.6988087,2018-07-30
Pyrocephalus rubinus,-16.308818,-56.636459,2018-07-25
Pyrocephalus rubinus,-16.5380883,-54.7266148,2018-07-15
Pyrocephalus rubinus,-16.2737172,-56.6243935,2018-07-05
Pyrocephalus rubinus,-16.7581146,-56.8772335,2018-07-23
Pyrocephalus rubinus,-17.2992208,-56.8381275,2018-07-21
Pyrocephalus rubinus,-17.2826279,-56.6988087,2018-07-20
Pyrocephalus rubinus,-16.7581146,-56.8772335,2018-07-16
Pyrocephalus rubinus,-16.3786111,-56.6208333,2018-07-10
Pyrocephalus rubinus,-17.3545672,-56.7685072,2018-07-16
Pyrocephalus rubinus,-13.7520314,-56.6829798,2018-07-30
Pyrocephalus rubinus,-16.2026057,-55.9747333,2018-07-14
Pyrocephalus rubinus,-15.3718989,-56.2399256,2018-07-29
Pyrocephalus rubinus,-16.7581146,-56.8772335,2018-07-21
Pyrocephalus rubinus,-17.2992208,-56.8381275,2018-07-21
Pyrocephalus rubinus,-17.2826279,-56.6988087,2018-07-08
Pyrocephalus rubinus,-9.8561933,-58.2485159,2018-07-06
Pyrocephalus rubinus,-16.3786111,-56.6208333,2018-07-10
Pyrocephalus rubinus,-16.7581146,-56.8772335,2018-07-06
Pyrocephalus rubinus,-16.5030776,-56.7453337,2018-07-20
Pyrocephalus rubinus,-16.2737172,-56.6243935,2018-07-05
Pyrocephalus rubinus,-16.5030776,-56.7453337,2018-07-10
Pyrocephalus rubinus,-16.3786111,-56.6208333,2018-07-18
Pyrocephalus rubinus,-16.6206959,-56.7353135,2018-08-03
Pyrocephalus rubinus,-16.3782152,-56.6132295,2018-08-22
Pyrocephalus rubinus,-16.4569228,-56.69135,2018-08-21
Pyrocephalus rubinus,-16.7479566,-56.8570536,2018-08-19
Pyrocephalus rubinus,-16.3782152,-56.6132295,2018-08-22
Pyrocephalus rubinus,-17.3645242,-56.7751122,2018-08-24
Pyrocephalus rubinus,-16.350074,-56.644773,2018-08-17
Pyrocephalus rubinus,-16.7480953,-56.857471,2018-08-18
Pyrocephalus rubinus,-16.7480953,-56.857471,2018-08-07
Pyrocephalus rubinus,-16.7479566,-56.8570536,2018-08-11
Pyrocephalus rubinus,-16.5030776,-56.7453337,2018-08-22
Pyrocephalus rubinus,-17.2826279,-56.6988087,2018-08-26
Pyrocephalus rubinus,-17.2826279,-56.6988087,2018-08-27
Pyrocephalus rubinus,-16.3786111,-56.6208333,2018-08-06
Pyrocephalus rubinus,-16.659463,-56.782839,2018-08-19
Pyrocephalus rubinus,-16.7581146,-56.8772335,2018-08-22
Pyrocephalus rubinus,-17.2826279,-56.6988087,2018-08-18
Pyrocephalus rubinus,-17.2992208,-56.8381275,2018-08-19
Pyrocephalus rubinus,-16.7581146,-56.8772335,2018-08-29
Pyrocephalus rubinus,-16.6206959,-56.7353135,2018-08-21
Pyrocephalus rubinus,-16.6206959,-56.7353135,2018-08-29
Pyrocephalus rubinus,-16.3782152,-56.6132295,2018-08-22
Pyrocephalus rubinus,-16.3786111,-56.6208333,2018-08-20
Pyrocephalus rubinus,-16.845786,-56.838232,2018-08-01
Pyrocephalus rubinus,-17.2826279,-56.6988087,2018-08-22
Pyrocephalus rubinus,-16.7479566,-56.8570536,2018-08-01
Pyrocephalus rubinus,-17.2826279,-56.6988087,2018-08-26
Pyrocephalus rubinus,-16.6206959,-56.7353135,2018-08-21
Pyrocephalus rubinus,-17.2992208,-56.8381275,2018-08-28
Pyrocephalus rubinus,-17.2826279,-56.6988087,2018-08-24
Pyrocephalus rubinus,-17.2992208,-56.8381275,2018-08-07
Pyrocephalus rubinus,-17.2992208,-56.8381275,2018-08-19
Pyrocephalus rubinus,-16.7479566,-56.8570536,2018-08-21
Pyrocephalus rubinus,-17.2826279,-56.6988087,2018-08-24
Pyrocephalus rubinus,-17.2826279,-56.6988087,2018-08-25
Pyrocephalus rubinus,-17.3645242,-56.7751122,2018-08-22
Pyrocephalus rubinus,-17.3645242,-56.7751122,2018-08-28
Pyrocephalus rubinus,-16.7480953,-56.857471,2018-08-18
Pyrocephalus rubinus,-17.2992208,-56.8381275,2018-08-19
Pyrocephalus rubinus,-17.3642733,-56.7673897,2018-08-20
Pyrocephalus rubinus,-17.2826279,-56.6988087,2018-08-18
Pyrocephalus rubinus,-17.2756005,-56.6881158,2018-08-09
Pyrocephalus rubinus,-16.659463,-56.782839,2018-08-19
Pyrocephalus rubinus,-16.4569228,-56.69135,2018-08-24
Pyrocephalus rubinus,-16.3786111,-56.6208333,2018-08-01
Pyrocephalus rubinus,-16.7480953,-56.857471,2018-08-18
Pyrocephalus rubinus,-16.659463,-56.782839,2018-08-19
Pyrocephalus rubinus,-17.2992208,-56.8381275,2018-08-19
Pyrocephalus rubinus,-17.2826279,-56.6988087,2018-08-24
Pyrocephalus rubinus,-16.3786111,-56.6208333,2018-08-07
Pyrocephalus rubinus,-17.2826279,-56.6988087,2018-08-26
Pyrocephalus rubinus,-16.5030776,-56.7453337,2018-08-26
Pyrocephalus rubinus,-17.3642733,-56.7673897,2018-08-20
Pyrocephalus rubinus,-16.7842068,-56.844017,2018-08-24
Pyrocephalus rubinus,-16.6206959,-56.7353135,2018-08-21
Pyrocephalus rubinus,-16.5030776,-56.7453337,2018-08-25
Pyrocephalus rubinus,-17.2826279,-56.6988087,2018-08-15
Pyrocephalus rubinus,-16.6206959,-56.7353135,2018-08-20
Pyrocephalus rubinus,-16.2737172,-56.6243935,2018-08-15
Pyrocephalus rubinus,-16.6206959,-56.7353135,2018-08-19
Pyrocephalus rubinus,-17.2992208,-56.8381275,2018-08-19
Pyrocephalus rubinus,-16.7480953,-56.857471,2018-08-18
Pyrocephalus rubinus,-16.5030776,-56.7453337,2018-08-26
Pyrocephalus rubinus,-16.7479566,-56.8570536,2018-08-19
Pyrocephalus rubinus,-17.2992208,-56.8381275,2018-08-01
Pyrocephalus rubinus,-16.350074,-56.644773,2018-08-17
Pyrocephalus rubinus,-17.2826279,-56.6988087,2018-08-24
Pyrocephalus rubinus,-17.2826279,-56.6988087,2018-08-25
Pyrocephalus rubinus,-16.659463,-56.782839,2018-08-19
Pyrocephalus rubinus,-16.424427,-56.670148,2018-08-19
Pyrocephalus rubinus,-16.350074,-56.644773,2018-08-17
Pyrocephalus rubinus,-17.2826279,-56.6988087,2018-08-25
Pyrocephalus rubinus,-16.6206959,-56.7353135,2018-08-20
Pyrocephalus rubinus,-17.3642733,-56.7673897,2018-08-20
Pyrocephalus rubinus,-17.3645242,-56.7751122,2018-08-23
Pyrocephalus rubinus,-16.3782152,-56.6132295,2018-08-22
Pyrocephalus rubinus,-16.3782152,-56.6132295,2018-08-22
Pyrocephalus rubinus,-17.2826279,-56.6988087,2018-08-22
Pyrocephalus rubinus,-16.350074,-56.644773,2018-08-17
Pyrocephalus rubinus,-16.7479566,-56.8570536,2018-08-19
Pyrocephalus rubinus,-17.2826279,-56.6988087,2018-08-27
Pyrocephalus rubinus,-17.2992208,-56.8381275,2018-08-19
Pyrocephalus rubinus,-17.2826279,-56.6988087,2018-08-14
Pyrocephalus rubinus,-16.3786111,-56.6208333,2018-08-20
Pyrocephalus rubinus,-16.6206959,-56.7353135,2018-08-19
Pyrocephalus rubinus,-16.7479566,-56.8570536,2018-08-17
Pyrocephalus rubinus,-16.7480953,-56.857471,2018-08-18
Pyrocephalus rubinus,-17.3642733,-56.7673897,2018-08-20
Pyrocephalus rubinus,-16.350074,-56.644773,2018-08-17
Pyrocephalus rubinus,-16.4569228,-56.69135,2018-08-04
Pyrocephalus rubinus,-17.2826279,-56.6988087,2018-08-23
Pyrocephalus rubinus,-17.3645242,-56.7751122,2018-08-23
Pyrocephalus rubinus,-16.3786111,-56.6208333,2018-08-22
Pyrocephalus rubinus,-16.6206959,-56.7353135,2018-08-21
Pyrocephalus rubinus,-16.659463,-56.782839,2018-08-19
Pyrocephalus rubinus,-16.5131245,-56.3778019,2018-08-02
Pyrocephalus rubinus,-17.2868309,-56.6977087,2018-08-27
Pyrocephalus rubinus,-16.659463,-56.782839,2018-08-19
Pyrocephalus rubinus,-16.7479566,-56.8570536,2018-08-19
Pyrocephalus rubinus,-16.6206959,-56.7353135,2018-08-20
Pyrocephalus rubinus,-16.4569228,-56.69135,2018-08-21
Pyrocephalus rubinus,-16.3786111,-56.6208333,2018-08-02
Pyrocephalus rubinus,-16.6206959,-56.7353135,2018-08-21
Pyrocephalus rubinus,-16.7480953,-56.857471,2018-08-16
Pyrocephalus rubinus,-16.578252,-56.7205234,2018-08-25
Pyrocephalus rubinus,-16.6206959,-56.7353135,2018-08-21
Pyrocephalus rubinus,-16.7479566,-56.8570536,2018-08-19
Pyrocephalus rubinus,-17.3645242,-56.7751122,2018-08-24
Pyrocephalus rubinus,-16.7581146,-56.8772335,2018-08-22
Pyrocephalus rubinus,-17.1027162,-56.9430464,2018-08-28
Pyrocephalus rubinus,-17.2868309,-56.6977087,2018-08-27
Pyrocephalus rubinus,-16.7581146,-56.8772335,2018-08-23
Pyrocephalus rubinus,-17.2992208,-56.8381275,2018-08-19
Pyrocephalus rubinus,-16.6206959,-56.7353135,2018-08-20
Pyrocephalus rubinus,-16.7480953,-56.857471,2018-08-18
Pyrocephalus rubinus,-16.3782152,-56.6132295,2018-08-22
Pyrocephalus rubinus,-16.659463,-56.782839,2018-08-19
Pyrocephalus rubinus,-16.6206959,-56.7353135,2018-08-29
Pyrocephalus rubinus,-17.2992208,-56.8381275,2018-08-28
Pyrocephalus rubinus,-17.3642733,-56.7673897,2018-08-20
Pyrocephalus rubinus,-17.2992208,-56.8381275,2018-08-17
Pyrocephalus rubinus,-16.7581146,-56.8772335,2018-08-23
Pyrocephalus rubinus,-16.7479566,-56.8570536,2018-08-19
Pyrocephalus rubinus,-16.7480953,-56.857471,2018-08-18
Pyrocephalus rubinus,-16.350074,-56.644773,2018-08-17
Pyrocephalus rubinus,-16.7842068,-56.844017,2018-08-24
Pyrocephalus rubinus,-17.2826279,-56.6988087,2018-08-09
Pyrocephalus rubinus,-17.2826279,-56.6988087,2018-08-25
Pyrocephalus rubinus,-17.3645242,-56.7751122,2018-08-21
Pyrocephalus rubinus,-16.7581146,-56.8772335,2018-08-29
Pyrocephalus rubinus,-17.3642733,-56.7673897,2018-08-20
Pyrocephalus rubinus,-16.7479566,-56.8570536,2018-08-19
Pyrocephalus rubinus,-16.5131245,-56.3778019,2018-08-01
Pyrocephalus rubinus,-16.7480953,-56.857471,2018-08-16
Pyrocephalus rubinus,-17.2992208,-56.8381275,2018-08-21
Pyrocephalus rubinus,-16.350074,-56.644773,2018-08-17
Pyrocephalus rubinus,-16.3786111,-56.6208333,2018-08-24
Pyrocephalus rubinus,-16.7479566,-56.8570536,2018-08-19
Pyrocephalus rubinus,-17.2826279,-56.6988087,2018-09-12
Pyrocephalus rubinus,-17.3645242,-56.7751122,2018-09-28
Pyrocephalus rubinus,-16.3786111,-56.6208333,2018-09-10
Pyrocephalus rubinus,-17.3645242,-56.7751122,2018-09-29
Pyrocephalus rubinus,-16.3786111,-56.6208333,2018-09-08
Pyrocephalus rubinus,-15.5793273,-56.1049461,2018-09-08
Pyrocephalus rubinus,-16.3786111,-56.6208333,2018-09-05
Pyrocephalus rubinus,-16.3786111,-56.6208333,2018-09-08
Pyrocephalus rubinus,-16.7480953,-56.857471,2018-09-14
Pyrocephalus rubinus,-17.23099,-56.64444,2018-09-04
Pyrocephalus rubinus,-16.5267316,-56.7562123,2018-09-09
Pyrocephalus rubinus,-16.3786111,-56.6208333,2018-09-10
Pyrocephalus rubinus,-17.2826279,-56.6988087,2018-09-12
Pyrocephalus rubinus,-16.3786111,-56.6208333,2018-09-10
Pyrocephalus rubinus,-15.4255537,-55.7799311,2018-09-21
Pyrocephalus rubinus,-16.3786111,-56.6208333,2018-09-09
Pyrocephalus rubinus,-16.3786111,-56.6208333,2018-09-10
Pyrocephalus rubinus,-15.5793273,-56.1049461,2018-09-08
Pyrocephalus rubinus,-16.7480953,-56.857471,2018-09-13
Pyrocephalus rubinus,-17.3645242,-56.7751122,2018-09-29
Pyrocephalus rubinus,-15.5793273,-56.1049461,2018-09-08
Pyrocephalus rubinus,-17.2826279,-56.6988087,2018-09-12
Pyrocephalus rubinus,-16.3786111,-56.6208333,2018-09-09
Pyrocephalus rubinus,-16.3786111,-56.6208333,2018-09-09
Pyrocephalus rubinus,-15.5793273,-56.1049461,2018-09-08
Pyrocephalus rubinus,-16.3786111,-56.6208333,2018-09-27
Pyrocephalus rubinus,-16.5030776,-56.7453337,2018-09-15
Pyrocephalus rubinus,-16.6206959,-56.7353135,2018-09-03
Pyrocephalus rubinus,-16.7480953,-56.857471,2018-09-14
Pyrocephalus rubinus,-17.2826279,-56.6988087,2018-09-05
Pyrocephalus rubinus,-16.3786111,-56.6208333,2018-09-10
Pyrocephalus rubinus,-16.3786111,-56.6208333,2018-09-10
Pyrocephalus rubinus,-16.3786111,-56.6208333,2018-09-03
Pyrocephalus rubinus,-16.7480953,-56.857471,2018-09-14
Pyrocephalus rubinus,-16.3786111,-56.6208333,2018-09-10
Pyrocephalus rubinus,-16.3786111,-56.6208333,2018-09-08
Pyrocephalus rubinus,-17.2347636,-56.645757,2018-09-06
Pyrocephalus rubinus,-16.742554,-56.8604351,2018-09-19
Pyrocephalus rubinus,-17.3645242,-56.7751122,2018-09-29
Pyrocephalus rubinus,-15.5793273,-56.1049461,2018-09-08
Pyrocephalus rubinus,-16.3786111,-56.6208333,2018-09-09
Pyrocephalus rubinus,-16.3786111,-56.6208333,2018-09-27
Pyrocephalus rubinus,-16.3786111,-56.6208333,2018-09-04
Pyrocephalus rubinus,-16.5030776,-56.7453337,2018-09-26
Pyrocephalus rubinus,-16.3786111,-56.6208333,2018-09-10
Pyrocephalus rubinus,-17.1174301,-56.9291611,2018-09-27
Pyrocephalus rubinus,-17.1174301,-56.9291611,2018-09-27
Pyrocephalus rubinus,-16.7480953,-56.857471,2018-09-14
Pyrocephalus rubinus,-16.3786111,-56.6208333,2018-09-10
Pyrocephalus rubinus,-16.5600788,-56.732803,2018-09-02
Pyrocephalus rubinus,-16.3786111,-56.6208333,2018-09-28
Pyrocephalus rubinus,-16.3786111,-56.6208333,2018-09-09
Pyrocephalus rubinus,-17.2826279,-56.6988087,2018-09-12
Pyrocephalus rubinus,-16.7480953,-56.857471,2018-09-13
Pyrocephalus rubinus,-16.7480953,-56.857471,2018-09-13
Pyrocephalus rubinus,-16.3786111,-56.6208333,2018-09-10
Pyrocephalus rubinus,-16.3786111,-56.6208333,2018-09-08
Pyrocephalus rubinus,-16.7480953,-56.857471,2018-09-14
Pyrocephalus rubinus,-16.7480953,-56.857471,2018-09-13
Pyrocephalus rubinus,-17.1027162,-56.9430464,2018-09-06
Pyrocephalus rubinus,-16.7480953,-56.857471,2018-09-13
Pyrocephalus rubinus,-17.2826279,-56.6988087,2018-09-12
Pyrocephalus rubinus,-16.3786111,-56.6208333,2018-09-27
Pyrocephalus rubinus,-15.470817,-55.75097,2018-09-23
Pyrocephalus rubinus,-16.3786111,-56.6208333,2018-09-08
Pyrocephalus rubinus,-15.4709528,-55.7509781,2018-09-23
Pyrocephalus rubinus,-16.6206959,-56.7353135,2018-10-11
Pyrocephalus rubinus,-16.7581146,-56.8772335,2018-10-12
Pyrocephalus rubinus,-16.6206959,-56.7353135,2018-10-11
Pyrocephalus rubinus,-16.9179947,-56.8647898,2018-11-06
Pyrocephalus rubinus,-16.9179947,-56.8647898,2018-11-06
Pyrocephalus rubinus,-15.6329971,-56.0597348,2019-01-06
Pyrocephalus rubinus,-15.5652703,-56.0653996,2019-01-09
Pyrocephalus rubinus,-16.6206959,-56.7353135,2019-02-21
Pyrocephalus rubinus,-17.3645242,-56.7751122,2019-02-19
Pyrocephalus rubinus,-16.7480953,-56.857471,2019-02-20
Pyrocephalus rubinus,-16.3786111,-56.6208333,2019-04-24
Pyrocephalus rubinus,-16.4569228,-56.69135,2019-04-01
Pyrocephalus rubinus,-16.3786111,-56.6208333,2019-04-24
Pyrocephalus rubinus,-16.2223332,-57.7591964,2019-04-29
Pyrocephalus rubinus,-16.2461926,-55.7838804,2019-04-21
Pyrocephalus rubinus,-16.3786111,-56.6208333,2019-05-18
Pyrocephalus rubinus,-16.5342951,-56.7178574,2019-05-27
Pyrocephalus rubinus,-16.3786111,-56.6208333,2019-05-26
Pyrocephalus rubinus,-15.6329971,-56.0597348,2019-05-05
Pyrocephalus rubinus,-16.758301,-56.8776674,2019-05-22
Pyrocephalus rubinus,-16.6206959,-56.7353135,2019-05-29
Pyrocephalus rubinus,-16.7581146,-56.8772335,2019-05-24
Pyrocephalus rubinus,-16.5030776,-56.7453337,2019-06-10
Pyrocephalus rubinus,-16.507169,-56.411992,2019-06-20
Pyrocephalus rubinus,-9.8444799,-56.1155945,2019-06-10
Pyrocephalus rubinus,-16.514983,-56.376015,2019-06-20
Pyrocephalus rubinus,-15.8175806,-55.2870957,2019-06-08
Pyrocephalus rubinus,-16.313024,-56.637856,2019-06-25
Pyrocephalus rubinus,-16.366612,-56.29774,2019-06-02
Pyrocephalus rubinus,-16.507169,-56.411992,2019-06-21
Pyrocephalus rubinus,-17.102842,-56.941757,2019-06-02
Pyrocephalus rubinus,-16.514983,-56.376015,2019-06-20
Pyrocephalus rubinus,-16.514983,-56.376015,2019-06-20
Pyrocephalus rubinus,-16.5122399,-56.7117691,2019-06-29
Pyrocephalus rubinus,-15.3379568,-56.1511476,2019-06-02
Pyrocephalus rubinus,-17.2825236,-56.7114611,2019-06-02
Pyrocephalus rubinus,-9.958879,-56.091256,2019-06-11
Pyrocephalus rubinus,-15.8175806,-55.2870957,2019-06-08
Pyrocephalus rubinus,-16.3791052,-56.6218295,2019-06-20
Pyrocephalus rubinus,-16.5122399,-56.7117691,2019-06-30
Pyrocephalus rubinus,-16.507169,-56.411992,2019-06-21
Pyrocephalus rubinus,-16.5030851,-56.7453975,2019-06-13
Pyrocephalus rubinus,-17.3645242,-56.7751122,2019-06-27
Pyrocephalus rubinus,-9.8444799,-56.1155945,2019-06-10
Pyrocephalus rubinus,-17.16,-56.92,2019-06-15
Pyrocephalus rubinus,-16.507169,-56.411992,2019-06-20
Pyrocephalus rubinus,-17.3645242,-56.7751122,2019-06-26
Pyrocephalus rubinus,-16.507169,-56.411992,2019-06-20
Pyrocephalus rubinus,-17.2826279,-56.6988087,2019-06-16
Pyrocephalus rubinus,-16.507169,-56.411992,2019-06-21
Pyrocephalus rubinus,-15.2784047,-57.4359484,2019-07-02
Pyrocephalus rubinus,-16.378226,-56.620461,2019-07-07
Pyrocephalus rubinus,-16.5044313,-56.6752026,2019-07-21
Pyrocephalus rubinus,-15.6822255,-56.1155868,2019-07-07
Pyrocephalus rubinus,-16.3786111,-56.6208333,2019-07-14
Pyrocephalus rubinus,-17.3645242,-56.7751122,2019-07-29
Pyrocephalus rubinus,-17.3257043,-56.7587218,2019-07-09
Pyrocephalus rubinus,-16.788153,-56.849438,2019-07-26
Pyrocephalus rubinus,-15.642379,-56.11062,2019-07-04
Pyrocephalus rubinus,-17.167585,-56.577165,2019-07-29
Pyrocephalus rubinus,-17.261261,-56.904884,2019-07-10
Pyrocephalus rubinus,-16.6196209,-56.7346988,2019-07-22
Pyrocephalus rubinus,-16.406895,-56.669912,2019-07-25
Pyrocephalus rubinus,-17.3645242,-56.7751122,2019-07-21
Pyrocephalus rubinus,-16.74853,-56.857424,2019-07-09
Pyrocephalus rubinus,-16.406895,-56.669912,2019-07-13
Pyrocephalus rubinus,-17.1174301,-56.9291611,2019-07-04
Pyrocephalus rubinus,-16.7581146,-56.8772335,2019-07-14
Pyrocephalus rubinus,-16.5030776,-56.7453337,2019-07-21
Pyrocephalus rubinus,-16.7581146,-56.8772335,2019-07-23
Pyrocephalus rubinus,-16.7581146,-56.8772335,2019-07-22
Pyrocephalus rubinus,-16.7581146,-56.8772335,2019-07-13
Pyrocephalus rubinus,-16.7581146,-56.8772335,2019-07-22
Pyrocephalus rubinus,-16.406895,-56.669912,2019-07-16
Pyrocephalus rubinus,-17.1027162,-56.9430464,2019-07-05
Pyrocephalus rubinus,-16.5030776,-56.7453337,2019-07-16
Pyrocephalus rubinus,-16.7480953,-56.857471,2019-07-09
Pyrocephalus rubinus,-16.3786111,-56.6208333,2019-07-07
Pyrocephalus rubinus,-16.620674,-56.7351472,2019-07-22
Pyrocephalus rubinus,-16.7479566,-56.8570536,2019-07-18
Pyrocephalus rubinus,-17.1174301,-56.9291611,2019-07-04
Pyrocephalus rubinus,-17.3645242,-56.7751122,2019-07-14
Pyrocephalus rubinus,-17.3645242,-56.7751122,2019-07-24
Pyrocephalus rubinus,-17.4089598,-56.8324471,2019-07-03
Pyrocephalus rubinus,-16.788153,-56.849438,2019-07-26
Pyrocephalus rubinus,-17.3645242,-56.7751122,2019-07-20
Pyrocephalus rubinus,-17.167578,-56.577158,2019-07-28
Pyrocephalus rubinus,-16.406895,-56.669912,2019-07-18
Pyrocephalus rubinus,-15.2657921,-60.1327981,2019-07-15
Pyrocephalus rubinus,-17.3645242,-56.7751122,2019-07-28
Pyrocephalus rubinus,-17.1174301,-56.9291611,2019-07-04
Pyrocephalus rubinus,-16.7581146,-56.8772335,2019-07-23
Pyrocephalus rubinus,-16.5030776,-56.7453337,2019-07-22
Pyrocephalus rubinus,-17.3645242,-56.7751122,2019-07-12
Pyrocephalus rubinus,-16.406895,-56.669912,2019-07-18
Pyrocephalus rubinus,-17.4089598,-56.8324471,2019-07-03
Pyrocephalus rubinus,-15.6105342,-56.0653567,2019-07-09
Pyrocephalus rubinus,-16.7581146,-56.8772335,2019-07-23
Pyrocephalus rubinus,-16.3591466,-56.6461532,2019-07-06
Pyrocephalus rubinus,-16.7581146,-56.8772335,2019-07-21
Pyrocephalus rubinus,-16.660075,-56.7824904,2019-07-10
Pyrocephalus rubinus,-16.3786111,-56.6208333,2019-07-19
Pyrocephalus rubinus,-16.4569228,-56.69135,2019-07-27
Pyrocephalus rubinus,-17.167578,-56.577158,2019-07-28
Pyrocephalus rubinus,-17.364511,-56.774766,2019-07-12
Pyrocephalus rubinus,-17.2793985,-56.6990519,2019-07-23
Pyrocephalus rubinus,-16.502985,-56.745368,2019-07-31
Pyrocephalus rubinus,-16.3786111,-56.6208333,2019-07-07
Pyrocephalus rubinus,-17.365066,-56.77411,2019-07-10
Pyrocephalus rubinus,-16.5030776,-56.7453337,2019-07-15
Pyrocephalus rubinus,-16.5030776,-56.7453337,2019-07-31
Pyrocephalus rubinus,-17.3645242,-56.7751122,2019-07-13
Pyrocephalus rubinus,-16.5030776,-56.7453337,2019-07-15
Pyrocephalus rubinus,-16.7581146,-56.8772335,2019-07-31
Pyrocephalus rubinus,-16.5030776,-56.7453337,2019-07-31
Pyrocephalus rubinus,-16.7581146,-56.8772335,2019-07-13
Pyrocephalus rubinus,-16.5030776,-56.7453337,2019-07-16
Pyrocephalus rubinus,-16.3786111,-56.6208333,2019-07-07
Pyrocephalus rubinus,-9.8561933,-58.2485159,2019-07-23
Pyrocephalus rubinus,-16.5030776,-56.7453337,2019-07-07
Pyrocephalus rubinus,-16.3786111,-56.6208333,2019-07-20
Pyrocephalus rubinus,-17.2826279,-56.6988087,2019-07-10
Pyrocephalus rubinus,-17.167585,-56.577165,2019-07-29
Pyrocephalus rubinus,-16.7581146,-56.8772335,2019-07-27
Pyrocephalus rubinus,-16.4569228,-56.69135,2019-07-18
Pyrocephalus rubinus,-16.7480701,-56.8567859,2019-07-10
Pyrocephalus rubinus,-16.7581146,-56.8772335,2019-07-31
Pyrocephalus rubinus,-16.3786111,-56.6208333,2019-07-25
Pyrocephalus rubinus,-17.1236888,-56.9457114,2019-07-19
Pyrocephalus rubinus,-16.7581146,-56.8772335,2019-07-19
Pyrocephalus rubinus,-16.7581146,-56.8772335,2019-07-20
Pyrocephalus rubinus,-16.5044313,-56.6752026,2019-07-21
Pyrocephalus rubinus,-15.2657921,-60.1327981,2019-07-15
Pyrocephalus rubinus,-17.4089598,-56.8324471,2019-07-03
Pyrocephalus rubinus,-17.1174301,-56.9291611,2019-07-04
Pyrocephalus rubinus,-16.7581146,-56.8772335,2019-07-23
Pyrocephalus rubinus,-16.6206959,-56.7353135,2019-07-26
Pyrocephalus rubinus,-17.1027162,-56.9430464,2019-07-05
Pyrocephalus rubinus,-16.5030619,-56.7454882,2019-07-14
Pyrocephalus rubinus,-16.3374272,-57.8123608,2019-07-06
Pyrocephalus rubinus,-17.2826279,-56.6988087,2019-07-15
Pyrocephalus rubinus,-16.354703,-56.644865,2019-07-08
Pyrocephalus rubinus,-16.3786111,-56.6208333,2019-07-17
Pyrocephalus rubinus,-16.5030776,-56.7453337,2019-07-31
Pyrocephalus rubinus,-16.7581146,-56.8772335,2019-07-04
Pyrocephalus rubinus,-16.7480953,-56.857471,2019-08-02
Pyrocephalus rubinus,-16.9914004,-56.9582834,2019-08-26
Pyrocephalus rubinus,-17.3645242,-56.7751122,2019-08-07
Pyrocephalus rubinus,-17.3645242,-56.7751122,2019-08-03
Pyrocephalus rubinus,-16.7581146,-56.8772335,2019-08-21
Pyrocephalus rubinus,-16.7581146,-56.8772335,2019-08-16
Pyrocephalus rubinus,-16.9038267,-56.2608877,2019-08-24
Pyrocephalus rubinus,-16.3786111,-56.6208333,2019-08-29
Pyrocephalus rubinus,-16.678566,-56.812821,2019-08-24
Pyrocephalus rubinus,-17.3217529,-56.6927804,2019-08-23
Pyrocephalus rubinus,-16.3786111,-56.6208333,2019-08-28
Pyrocephalus rubinus,-16.9914004,-56.9582834,2019-08-26
Pyrocephalus rubinus,-17.3061326,-56.7165542,2019-08-29
Pyrocephalus rubinus,-16.7581146,-56.8772335,2019-08-19
Pyrocephalus rubinus,-17.3217529,-56.6927804,2019-08-22
Pyrocephalus rubinus,-17.262354,-56.903072,2019-08-02
Pyrocephalus rubinus,-16.410551,-56.673256,2019-08-09
Pyrocephalus rubinus,-16.5030776,-56.7453337,2019-08-31
Pyrocephalus rubinus,-16.7581146,-56.8772335,2019-08-17
Pyrocephalus rubinus,-17.3645242,-56.7751122,2019-08-03
Pyrocephalus rubinus,-16.7480953,-56.857471,2019-08-02
Pyrocephalus rubinus,-16.537629,-56.719978,2019-08-23
Pyrocephalus rubinus,-16.7581146,-56.8772335,2019-08-20
Pyrocephalus rubinus,-15.4847524,-55.7453156,2019-08-27
Pyrocephalus rubinus,-16.5030776,-56.7453337,2019-08-28
Pyrocephalus rubinus,-17.3645242,-56.7751122,2019-08-03
Pyrocephalus rubinus,-17.3645242,-56.7751122,2019-08-10
Pyrocephalus rubinus,-17.262354,-56.903072,2019-08-02
Pyrocephalus rubinus,-16.5030776,-56.7453337,2019-08-16
Pyrocephalus rubinus,-16.537629,-56.719978,2019-08-23
Pyrocephalus rubinus,-17.632104,-53.358779,2019-08-28
Pyrocephalus rubinus,-16.74877,-56.860109,2019-08-24
Pyrocephalus rubinus,-16.7581146,-56.8772335,2019-08-19
Pyrocephalus rubinus,-17.3645242,-56.7751122,2019-08-28
Pyrocephalus rubinus,-16.537629,-56.719978,2019-08-23
Pyrocephalus rubinus,-16.74877,-56.860109,2019-08-24
Pyrocephalus rubinus,-16.7581146,-56.8772335,2019-08-20
Pyrocephalus rubinus,-17.3645242,-56.7751122,2019-08-04
Pyrocephalus rubinus,-16.757838,-56.876396,2019-08-17
Pyrocephalus rubinus,-17.3645242,-56.7751122,2019-08-03
Pyrocephalus rubinus,-16.7581146,-56.8772335,2019-08-21
Pyrocephalus rubinus,-16.7581146,-56.8772335,2019-08-20
Pyrocephalus rubinus,-16.3786111,-56.6208333,2019-08-05
Pyrocephalus rubinus,-16.7581146,-56.8772335,2019-08-19
Pyrocephalus rubinus,-16.345982,-55.8630431,2019-08-29
Pyrocephalus rubinus,-16.7581146,-56.8772335,2019-08-21
Pyrocephalus rubinus,-16.3786111,-56.6208333,2019-08-05
Pyrocephalus rubinus,-17.262354,-56.903072,2019-08-02
Pyrocephalus rubinus,-16.5030776,-56.7453337,2019-08-14
Pyrocephalus rubinus,-16.7480953,-56.857471,2019-08-02
Pyrocephalus rubinus,-16.3786111,-56.6208333,2019-08-04
Pyrocephalus rubinus,-16.3786111,-56.6208333,2019-08-28
Pyrocephalus rubinus,-17.3217529,-56.6927804,2019-08-23
Pyrocephalus rubinus,-16.5030776,-56.7453337,2019-08-28
Pyrocephalus rubinus,-16.9914004,-56.9582834,2019-08-26
Pyrocephalus rubinus,-16.7480953,-56.857471,2019-08-02
Pyrocephalus rubinus,-16.5030776,-56.7453337,2019-08-28
Pyrocephalus rubinus,-16.7581146,-56.8772335,2019-08-19
Pyrocephalus rubinus,-16.7581146,-56.8772335,2019-08-21
Pyrocephalus rubinus,-16.3786111,-56.6208333,2019-08-06
Pyrocephalus rubinus,-16.3786111,-56.6208333,2019-08-11
Pyrocephalus rubinus,-15.4847524,-55.7453156,2019-08-27
Pyrocephalus rubinus,-16.678566,-56.812821,2019-08-24
Pyrocephalus rubinus,-17.3217529,-56.6927804,2019-08-22
Pyrocephalus rubinus,-17.2826279,-56.6988087,2019-08-07
Pyrocephalus rubinus,-16.3786111,-56.6208333,2019-08-06
Pyrocephalus rubinus,-17.3645242,-56.7751122,2019-08-29
Pyrocephalus rubinus,-16.3786111,-56.6208333,2019-08-28
Pyrocephalus rubinus,-16.3786111,-56.6208333,2019-08-28
Pyrocephalus rubinus,-16.5030776,-56.7453337,2019-08-31
Pyrocephalus rubinus,-16.678566,-56.812821,2019-08-24
Pyrocephalus rubinus,-16.3786111,-56.6208333,2019-08-05
Pyrocephalus rubinus,-16.344551,-55.8631338,2019-08-01
Pyrocephalus rubinus,-17.1174301,-56.9291611,2019-08-02
Pyrocephalus rubinus,-17.3217529,-56.6927804,2019-08-23
Pyrocephalus rubinus,-16.3786111,-56.6208333,2019-08-13
Pyrocephalus rubinus,-16.7581146,-56.8772335,2019-08-19
Pyrocephalus rubinus,-16.5030776,-56.7453337,2019-08-12
Pyrocephalus rubinus,-16.379053,-56.621754,2019-08-06
Pyrocephalus rubinus,-17.3645242,-56.7751122,2019-08-31
Pyrocephalus rubinus,-17.262359,-56.902959,2019-08-10
Pyrocephalus rubinus,-16.678566,-56.812821,2019-08-24
Pyrocephalus rubinus,-17.3217529,-56.6927804,2019-08-23
Pyrocephalus rubinus,-16.537629,-56.719978,2019-08-23
Pyrocephalus rubinus,-16.7581146,-56.8772335,2019-08-20
Pyrocephalus rubinus,-16.3786111,-56.6208333,2019-08-15
Pyrocephalus rubinus,-16.3786111,-56.6208333,2019-09-03
Pyrocephalus rubinus,-16.3786111,-56.6208333,2019-09-30
Pyrocephalus rubinus,-13.5091811,-56.61515,2019-09-11
Pyrocephalus rubinus,-17.2826279,-56.6988087,2019-09-06
Pyrocephalus rubinus,-16.406895,-56.669912,2019-09-04
Pyrocephalus rubinus,-11.6754946,-55.0182492,2019-09-14
Pyrocephalus rubinus,-17.3645242,-56.7751122,2019-09-09
Pyrocephalus rubinus,-16.3786111,-56.6208333,2019-09-29
Pyrocephalus rubinus,-17.3061326,-56.7165542,2019-09-20
Pyrocephalus rubinus,-16.7480953,-56.857471,2019-09-12
Pyrocephalus rubinus,-13.5091811,-56.61515,2019-09-11
Pyrocephalus rubinus,-13.5091811,-56.61515,2019-09-11
Pyrocephalus rubinus,-13.5407027,-56.6315174,2019-09-11
Pyrocephalus rubinus,-13.5091811,-56.61515,2019-09-11
Pyrocephalus rubinus,-17.3645242,-56.7751122,2019-09-09
Pyrocephalus rubinus,-17.2826279,-56.6988087,2019-09-06
Pyrocephalus rubinus,-16.3786111,-56.6208333,2019-09-30
Pyrocephalus rubinus,-16.7480953,-56.857471,2019-09-12
Pyrocephalus rubinus,-16.3786111,-56.6208333,2019-09-03
Pyrocephalus rubinus,-17.3645242,-56.7751122,2019-09-09
Pyrocephalus rubinus,-16.3786111,-56.6208333,2019-09-08
Pyrocephalus rubinus,-17.3645242,-56.7751122,2019-09-26
Pyrocephalus rubinus,-16.3786111,-56.6208333,2019-09-29
Pyrocephalus rubinus,-15.0989648,-57.2642968,2019-09-23
Pyrocephalus rubinus,-16.3786111,-56.6208333,2019-09-14
Pyrocephalus rubinus,-16.3786111,-56.6208333,2019-09-08
Pyrocephalus rubinus,-17.1432309,-57.3615977,2019-09-10
Pyrocephalus rubinus,-16.3786111,-56.6208333,2019-09-08
Pyrocephalus rubinus,-17.262231,-56.903228,2019-09-05
Pyrocephalus rubinus,-16.7581146,-56.8772335,2019-09-10
Pyrocephalus rubinus,-17.262231,-56.903228,2019-09-05
Pyrocephalus rubinus,-16.5030776,-56.7453337,2019-09-24
Pyrocephalus rubinus,-16.5030776,-56.7453337,2019-09-19
Pyrocephalus rubinus,-16.5030776,-56.7453337,2019-09-01
Pyrocephalus rubinus,-16.3786111,-56.6208333,2019-09-18
Pyrocephalus rubinus,-16.7581146,-56.8772335,2019-09-11
Pyrocephalus rubinus,-16.3786111,-56.6208333,2019-09-08
Pyrocephalus rubinus,-16.5030776,-56.7453337,2019-09-24
Pyrocephalus rubinus,-16.5030776,-56.7453337,2019-09-01
Pyrocephalus rubinus,-16.406895,-56.669912,2019-09-07
Pyrocephalus rubinus,-16.3786111,-56.6208333,2019-09-08
Pyrocephalus rubinus,-16.7480953,-56.857471,2019-09-12
Pyrocephalus rubinus,-17.2826279,-56.6988087,2019-09-26
Pyrocephalus rubinus,-16.7581146,-56.8772335,2019-09-15
Pyrocephalus rubinus,-16.7479566,-56.8570536,2019-09-11
Pyrocephalus rubinus,-17.2826279,-56.6988087,2019-09-09
Pyrocephalus rubinus,-16.3786111,-56.6208333,2019-09-18
Pyrocephalus rubinus,-17.2826279,-56.6988087,2019-09-26
Pyrocephalus rubinus,-17.3645242,-56.7751122,2019-09-09
Pyrocephalus rubinus,-15.0989648,-57.2642968,2019-09-23
Pyrocephalus rubinus,-16.3786111,-56.6208333,2019-09-03
Pyrocephalus rubinus,-16.6206959,-56.7353135,2019-09-04
Pyrocephalus rubinus,-16.3786111,-56.6208333,2019-09-18
Pyrocephalus rubinus,-17.2826279,-56.6988087,2019-09-26
Pyrocephalus rubinus,-16.3786111,-56.6208333,2019-09-08
Pyrocephalus rubinus,-17.262231,-56.903228,2019-09-05
Pyrocephalus rubinus,-17.1174301,-56.9291611,2019-09-02
Pyrocephalus rubinus,-16.3786111,-56.6208333,2019-09-08
Pyrocephalus rubinus,-16.5030776,-56.7453337,2019-09-01
Pyrocephalus rubinus,-17.1174301,-56.9291611,2019-09-02
Pyrocephalus rubinus,-17.2826279,-56.6988087,2019-09-06
Pyrocephalus rubinus,-17.3645242,-56.7751122,2019-09-26
Pyrocephalus rubinus,-16.501935,-56.704165,2019-09-05
Pyrocephalus rubinus,-9.8986714,-56.0604429,2019-09-01
Pyrocephalus rubinus,-16.3786111,-56.6208333,2019-09-29
Pyrocephalus rubinus,-17.2826279,-56.6988087,2019-09-06
Pyrocephalus rubinus,-16.7480953,-56.857471,2019-09-12
Pyrocephalus rubinus,-16.7480953,-56.857471,2019-09-12
Pyrocephalus rubinus,-16.3786111,-56.6208333,2019-09-18
Pyrocephalus rubinus,-16.3786111,-56.6208333,2019-09-08
Pyrocephalus rubinus,-17.3645242,-56.7751122,2019-09-01
Pyrocephalus rubinus,-16.3786111,-56.6208333,2019-09-15
Pyrocephalus rubinus,-16.7581146,-56.8772335,2019-09-17
Pyrocephalus rubinus,-16.7581146,-56.8772335,2019-09-10
Pyrocephalus rubinus,-16.7581146,-56.8772335,2019-09-11
Pyrocephalus rubinus,-17.3645242,-56.7751122,2019-09-26
Pyrocephalus rubinus,-17.2826279,-56.6988087,2019-09-06
Pyrocephalus rubinus,-16.3786111,-56.6208333,2019-09-18
Pyrocephalus rubinus,-16.7480953,-56.857471,2019-09-12
Pyrocephalus rubinus,-9.884326,-56.0531634,2019-09-26
Pyrocephalus rubinus,-16.3786111,-56.6208333,2019-09-22
Pyrocephalus rubinus,-16.3786111,-56.6208333,2019-09-30
Pyrocephalus rubinus,-16.3786111,-56.6208333,2019-09-08
Pyrocephalus rubinus,-16.3786111,-56.6208333,2019-09-18
Pyrocephalus rubinus,-17.3645242,-56.7751122,2019-09-26
Pyrocephalus rubinus,-17.3645242,-56.7751122,2019-09-09
Pyrocephalus rubinus,-17.262231,-56.903228,2019-09-05
Pyrocephalus rubinus,-16.3786111,-56.6208333,2019-09-08
Pyrocephalus rubinus,-16.7581146,-56.8772335,2019-09-10
Pyrocephalus rubinus,-16.406895,-56.669912,2019-09-05
Pyrocephalus rubinus,-17.2826279,-56.6988087,2019-09-26
Pyrocephalus rubinus,-17.262231,-56.903228,2019-09-05
Pyrocephalus rubinus,-17.2826279,-56.6988087,2019-09-06
Pyrocephalus rubinus,-16.5030776,-56.7453337,2019-09-25
Pyrocephalus rubinus,-13.507507,-56.615042,2019-09-11
Pyrocephalus rubinus,-17.3061326,-56.7165542,2019-09-03
Pyrocephalus rubinus,-17.3645242,-56.7751122,2019-09-01
Pyrocephalus rubinus,-17.3645242,-56.7751122,2019-09-01
Pyrocephalus rubinus,-16.6787822,-56.8121273,2019-09-05
Pyrocephalus rubinus,-16.3786111,-56.6208333,2019-09-30
Pyrocephalus rubinus,-16.3786111,-56.6208333,2019-09-29
Pyrocephalus rubinus,-16.7480953,-56.857471,2019-09-12
Pyrocephalus rubinus,-17.1174301,-56.9291611,2019-09-02
Pyrocephalus rubinus,-16.7581146,-56.8772335,2019-09-12
Pyrocephalus rubinus,-17.3645242,-56.7751122,2019-09-03
Pyrocephalus rubinus,-16.5030776,-56.7453337,2019-09-25
Pyrocephalus rubinus,-17.3645242,-56.7751122,2019-09-09
Pyrocephalus rubinus,-15.0989648,-57.2642968,2019-09-23
Pyrocephalus rubinus,-17.2826279,-56.6988087,2019-09-06
Pyrocephalus rubinus,-15.0989648,-57.2642968,2019-09-23
Pyrocephalus rubinus,-17.2992208,-56.8381275,2019-09-18
Pyrocephalus rubinus,-17.2826279,-56.6988087,2019-09-12
Pyrocephalus rubinus,-16.7479566,-56.8570536,2019-09-11
Pyrocephalus rubinus,-17.3645242,-56.7751122,2019-09-09
Pyrocephalus rubinus,-17.2622133,-56.903185,2019-09-05
Pyrocephalus rubinus,-17.2826279,-56.6988087,2019-09-06
Pyrocephalus rubinus,-16.5030776,-56.7453337,2019-09-02
Pyrocephalus rubinus,-17.262126,-56.903502,2019-09-05
Pyrocephalus rubinus,-16.3786111,-56.6208333,2019-09-06
Pyrocephalus rubinus,-16.7581146,-56.8772335,2019-10-04
Pyrocephalus rubinus,-16.5030776,-56.7453337,2019-10-14
Pyrocephalus rubinus,-16.5030776,-56.7453337,2019-10-02
Pyrocephalus rubinus,-17.3645242,-56.7751122,2019-10-08
Pyrocephalus rubinus,-17.3645242,-56.7751122,2019-10-08
Pyrocephalus rubinus,-16.738431,-56.861811,2019-10-11
Pyrocephalus rubinus,-16.4569228,-56.69135,2019-10-09
Pyrocephalus rubinus,-16.3786111,-56.6208333,2019-10-09
Pyrocephalus rubinus,-17.3645242,-56.7751122,2019-10-08
Pyrocephalus rubinus,-16.3786111,-56.6208333,2019-10-06
Pyrocephalus rubinus,-17.3645242,-56.7751122,2019-10-08
Pyrocephalus rubinus,-16.7842068,-56.844017,2019-10-03
Pyrocephalus rubinus,-16.7842068,-56.844017,2019-10-03
Pyrocephalus rubinus,-16.6206959,-56.7353135,2019-10-02
Pyrocephalus rubinus,-16.379092,-56.621196,2019-10-22
Pyrocephalus rubinus,-16.7842068,-56.844017,2019-10-03
Pyrocephalus rubinus,-16.738431,-56.861811,2019-10-11
Pyrocephalus rubinus,-16.6206959,-56.7353135,2019-10-02
Pyrocephalus rubinus,-17.3645242,-56.7751122,2019-10-11
Pyrocephalus rubinus,-16.7842068,-56.844017,2019-10-03
Pyrocephalus rubinus,-17.3645242,-56.7751122,2019-10-08
Pyrocephalus rubinus,-16.7581146,-56.8772335,2019-10-04
Pyrocephalus rubinus,-16.6206959,-56.7353135,2019-10-02
Pyrocephalus rubinus,-16.5030776,-56.7453337,2019-10-14
Pyrocephalus rubinus,-16.6206959,-56.7353135,2019-10-02
Pyrocephalus rubinus,-16.7581146,-56.8772335,2019-10-04
Pyrocephalus rubinus,-16.7479566,-56.8570536,2019-10-10
Pyrocephalus rubinus,-17.3645242,-56.7751122,2019-10-08
Pyrocephalus rubinus,-16.5030776,-56.7453337,2019-10-14
Pyrocephalus rubinus,-9.1122222,-56.9422222,1999-06-14
Pyrocephalus rubinus,-4.5567201,-56.315282,2000-09-04
Pyrocephalus rubinus,-4.5567201,-56.315282,2000-09-03
Pyrocephalus rubinus,-9.5627016,-50.1083722,2004-08-19
Pyrocephalus rubinus,-9.269306,-56.80152,2010-09-29
Pyrocephalus rubinus,-7.999063,-49.374485,2017-07-12
Pyrocephalus rubinus,-9.2445352,-55.9871619,2019-08-06
Pyrocephalus rubinus,-9.0155264,-42.6897222,1998-03-08
Pyrocephalus rubinus,-10.158936,-45.49919,2018-05-18
Pyrocephalus rubinus,-25.4806717,-48.8278998,1991-08-09
Pyrocephalus rubinus,-25.3158572,-48.4625114,1991-08-22
Pyrocephalus rubinus,-23.3046601,-51.1697888,2008-07-16
Pyrocephalus rubinus,-25.1711269,-48.2998157,2009-09-07
Pyrocephalus rubinus,-25.4907377,-48.8232636,2012-09-20
Pyrocephalus rubinus,-25.4234314,-51.4324951,2014-08-31
Pyrocephalus rubinus,-25.4234314,-51.4324951,2014-08-31
Pyrocephalus rubinus,-23.6723546,-51.1482775,2014-08-30
Pyrocephalus rubinus,-23.5570243,-51.3206792,2015-04-12
Pyrocephalus rubinus,-25.3992674,-51.4735356,2015-05-01
Pyrocephalus rubinus,-25.3992674,-51.4735356,2015-05-08
Pyrocephalus rubinus,-23.1806193,-50.9472527,2015-06-21
Pyrocephalus rubinus,-23.6723546,-51.1482775,2015-06-14
Pyrocephalus rubinus,-23.13382,-53.01098,2015-07-10
Pyrocephalus rubinus,-23.3730835,-51.007247,2015-08-16
Pyrocephalus rubinus,-23.5570243,-51.3206792,2015-08-08
Pyrocephalus rubinus,-25.50476,-48.5304952,2015-10-10
Pyrocephalus rubinus,-22.6135355,-52.8736782,2016-04-27
Pyrocephalus rubinus,-25.3783264,-49.2843354,2016-05-24
Pyrocephalus rubinus,-25.50476,-48.5304952,2016-05-14
Pyrocephalus rubinus,-23.3818787,-51.2184334,2016-06-20
Pyrocephalus rubinus,-23.3038719,-50.9608126,2016-07-23
Pyrocephalus rubinus,-23.3730835,-51.007247,2016-07-15
Pyrocephalus rubinus,-25.4948051,-54.5743489,2016-08-10
Pyrocephalus rubinus,-25.6424549,-54.4382858,2016-09-05
Pyrocephalus rubinus,-24.3327711,-50.6087995,2016-09-18
Pyrocephalus rubinus,-24.3327711,-50.6087995,2016-09-17
Pyrocephalus rubinus,-24.3327711,-50.6087995,2016-09-16
Pyrocephalus rubinus,-26.5368964,-51.6069567,2016-10-09
Pyrocephalus rubinus,-25.6400659,-48.4311837,2016-10-16
Pyrocephalus rubinus,-25.4627852,-48.8511801,2016-11-24
Pyrocephalus rubinus,-25.4627852,-48.8511801,2016-11-11
Pyrocephalus rubinus,-25.4627852,-48.8511801,2016-11-10
Pyrocephalus rubinus,-24.503799,-53.268009,2017-04-14
Pyrocephalus rubinus,-24.503799,-53.268009,2017-04-27
Pyrocephalus rubinus,-25.3816415,-48.4472609,2017-06-17
Pyrocephalus rubinus,-25.3816415,-48.4472609,2017-06-17
Pyrocephalus rubinus,-25.525225,-49.222599,2017-06-24
Pyrocephalus rubinus,-25.3816415,-48.4472609,2017-06-17
Pyrocephalus rubinus,-25.5461219,-53.5067249,2017-06-14
Pyrocephalus rubinus,-25.3816415,-48.4472609,2017-06-17
Pyrocephalus rubinus,-25.6981253,-48.4731817,2017-07-13
Pyrocephalus rubinus,-23.707095,-51.0088348,2017-07-26
Pyrocephalus rubinus,-25.8533728,-52.1714222,2017-07-21
Pyrocephalus rubinus,-24.723536,-53.749772,2017-08-06
Pyrocephalus rubinus,-24.3399545,-50.6112456,2017-08-07
Pyrocephalus rubinus,-23.9960416,-49.8271179,2017-08-15
Pyrocephalus rubinus,-25.525225,-49.222599,2017-09-04
Pyrocephalus rubinus,-25.525225,-49.222599,2017-09-14
Pyrocephalus rubinus,-25.5181222,-48.5036516,2017-09-03
Pyrocephalus rubinus,-25.6808279,-54.4384146,2017-10-04
Pyrocephalus rubinus,-25.6664395,-48.4804773,2017-10-01
Pyrocephalus rubinus,-25.3994242,-51.4733076,2017-10-06
Pyrocephalus rubinus,-25.6664395,-48.4804773,2018-04-13
Pyrocephalus rubinus,-24.469406,-53.255812,2018-05-05
Pyrocephalus rubinus,-24.2985659,-50.5741239,2018-05-05
Pyrocephalus rubinus,-26.3908702,-52.4061155,2018-05-12
Pyrocephalus rubinus,-22.9808823,-51.1774181,2018-06-30
Pyrocephalus rubinus,-23.131686,-53.0125134,2018-07-05
Pyrocephalus rubinus,-25.5154111,-54.5850563,2018-07-08
Pyrocephalus rubinus,-23.5215318,-52.4587062,2018-07-07
Pyrocephalus rubinus,-23.5215318,-52.4587062,2018-07-01
Pyrocephalus rubinus,-25.525225,-49.222599,2018-08-18
Pyrocephalus rubinus,-23.7632553,-53.0549701,2018-08-28
Pyrocephalus rubinus,-25.525225,-49.222599,2018-08-05
Pyrocephalus rubinus,-25.5494207,-49.8834389,2018-09-07
Pyrocephalus rubinus,-25.0282719,-50.5847974,2018-09-18
Pyrocephalus rubinus,-23.666538,-52.680896,2018-10-06
Pyrocephalus rubinus,-25.2405191,-48.757444,2018-10-06
Pyrocephalus rubinus,-25.2401931,-48.757925,2018-10-13
Pyrocephalus rubinus,-25.6841554,-54.4385589,2018-10-12
Pyrocephalus rubinus,-25.6841554,-54.4385589,2018-10-12
Pyrocephalus rubinus,-25.4718535,-49.3212369,2019-04-19
Pyrocephalus rubinus,-25.605545,-54.470683,2019-04-14
Pyrocephalus rubinus,-23.49732,-52.451034,2019-04-19
Pyrocephalus rubinus,-24.419593,-53.552866,2019-04-14
Pyrocephalus rubinus,-25.5154111,-54.5850563,2019-04-14
Pyrocephalus rubinus,-23.3730835,-51.007247,2019-05-04
Pyrocephalus rubinus,-23.3730835,-51.007247,2019-05-04
Pyrocephalus rubinus,-23.3730835,-51.007247,2019-05-04
Pyrocephalus rubinus,-23.3730835,-51.007247,2019-05-26
Pyrocephalus rubinus,-25.4598962,-48.2235287,2019-06-30
Pyrocephalus rubinus,-24.948451,-50.4107904,2019-07-14
Pyrocephalus rubinus,-23.5215318,-52.4587062,2019-07-28
Pyrocephalus rubinus,-23.5215318,-52.4587062,2019-07-28
Pyrocephalus rubinus,-23.7855804,-53.0737496,2019-07-27
Pyrocephalus rubinus,-24.948451,-50.4107904,2019-07-14
Pyrocephalus rubinus,-23.5215318,-52.4587062,2019-07-28
Pyrocephalus rubinus,-22.6677809,-53.089595,2019-08-17
Pyrocephalus rubinus,-22.6677809,-53.089595,2019-08-18
Pyrocephalus rubinus,-23.5215318,-52.4587062,2019-09-29
Pyrocephalus rubinus,-23.5215318,-52.4587062,2019-10-06
Pyrocephalus rubinus,-25.525225,-49.222599,2019-10-15
Pyrocephalus rubinus,-25.5203331,-54.5832236,2020-04-12
Pyrocephalus rubinus,-23.7528753,-53.1357009,2020-04-21
Pyrocephalus rubinus,-25.5203331,-54.5832236,2020-04-10
Pyrocephalus rubinus,-23.5215318,-52.4587062,2020-04-10
Pyrocephalus rubinus,-23.5215318,-52.4587062,2020-04-10
Pyrocephalus rubinus,-25.305664,-49.866052,2020-04-05
Pyrocephalus rubinus,-25.5203331,-54.5832236,2020-04-07
Pyrocephalus rubinus,-26.2240113,-52.0311486,2020-04-22
Pyrocephalus rubinus,-25.239493,-48.756747,2020-04-20
Pyrocephalus rubinus,-25.5203331,-54.5832236,2020-04-26
Pyrocephalus rubinus,-25.5203331,-54.5832236,2020-04-17
Pyrocephalus rubinus,-25.4908079,-49.7103349,2020-04-27
Pyrocephalus rubinus,-25.305664,-49.866052,2020-04-05
Pyrocephalus rubinus,-25.8533728,-52.1714222,2020-04-10
Pyrocephalus rubinus,-24.022886,-52.3969833,2020-04-02
Pyrocephalus rubinus,-23.5215318,-52.4587062,2020-04-10
Pyrocephalus rubinus,-22.4445094,-42.6421452,2003-06-28
Pyrocephalus rubinus,-23.175833,-44.207778,2003-08-01
Pyrocephalus rubinus,-23.175833,-44.207778,2003-09-14
Pyrocephalus rubinus,-22.450948,-42.770932,2008-08-28
Pyrocephalus rubinus,-22.9828067,-44.5432091,2009-07-16
Pyrocephalus rubinus,-23.3512249,-44.7241616,2009-07-14
Pyrocephalus rubinus,-23.2194985,-44.7161365,2011-04-06
Pyrocephalus rubinus,-22.1273317,-42.4393668,2011-05-02
Pyrocephalus rubinus,-23.3512249,-44.7241616,2012-07-19
Pyrocephalus rubinus,-22.4528635,-42.770281,2012-09-04
Pyrocephalus rubinus,-22.4528635,-42.770281,2012-09-04
Pyrocephalus rubinus,-22.9677188,-42.9877451,2013-11-22
Pyrocephalus rubinus,-22.9674422,-43.2241201,2015-09-19
Pyrocephalus rubinus,-23.175833,-44.207778,2015-10-05
Pyrocephalus rubinus,-22.4707,-43.8289533,2016-05-29
Pyrocephalus rubinus,-22.6857965,-42.9514934,2016-06-23
Pyrocephalus rubinus,-23.353714,-44.725429,2016-08-25
Pyrocephalus rubinus,-23.2191541,-44.710021,2016-09-18
Pyrocephalus rubinus,-23.2191541,-44.710021,2016-09-18
Pyrocephalus rubinus,-22.9677188,-42.9877451,2016-10-08
Pyrocephalus rubinus,-22.5509676,-42.9286051,2017-03-09
Pyrocephalus rubinus,-22.6861075,-42.9516439,2017-06-04
Pyrocephalus rubinus,-22.9197913,-42.424538,2017-08-24
Pyrocephalus rubinus,-22.480143,-42.759721,2017-09-04
Pyrocephalus rubinus,-22.4633502,-44.4615431,2018-06-18
Pyrocephalus rubinus,-22.9839139,-43.3808339,2018-07-20
Pyrocephalus rubinus,-23.2244189,-44.7446808,2018-08-25
Pyrocephalus rubinus,-23.218455,-44.710405,2018-10-16
Pyrocephalus rubinus,-22.4880098,-43.0658851,2019-03-16
Pyrocephalus rubinus,-22.9927296,-44.5380409,2019-04-30
Pyrocephalus rubinus,-22.9927296,-44.5380409,2019-04-30
Pyrocephalus rubinus,-22.6762009,-42.9749713,2019-05-10
Pyrocephalus rubinus,-22.9828067,-44.5432091,2019-05-04
Pyrocephalus rubinus,-22.9828067,-44.5432091,2019-05-04
Pyrocephalus rubinus,-22.9828067,-44.5432091,2019-05-04
Pyrocephalus rubinus,-22.9828067,-44.5432091,2019-05-04
Pyrocephalus rubinus,-22.9828067,-44.5432091,2019-06-08
Pyrocephalus rubinus,-22.9828067,-44.5432091,2019-06-08
Pyrocephalus rubinus,-22.9197913,-42.424538,2019-07-03
Pyrocephalus rubinus,-22.6762009,-42.9749713,2019-07-07
Pyrocephalus rubinus,-22.6762009,-42.9749713,2019-07-07
Pyrocephalus rubinus,-22.9756069,-44.4360009,2019-09-14
Pyrocephalus rubinus,-22.9514255,-42.9776928,2019-09-14
Pyrocephalus rubinus,-22.9661607,-43.0452473,2019-10-11
Pyrocephalus rubinus,-8.77139,-63.9083719,1986-07-16
Pyrocephalus rubinus,-10.297933,-62.866667,1993-08-12
Pyrocephalus rubinus,-13.5363482,-60.9823394,2000-07-14
Pyrocephalus rubinus,-9.2079562,-64.3361092,2003-07-16
Pyrocephalus rubinus,-11.7925,-64.2536111,2003-08-02
Pyrocephalus rubinus,-10.9289489,-65.2769852,2006-08-06
Pyrocephalus rubinus,-10.8732064,-65.2608919,2006-08-06
Pyrocephalus rubinus,-13.4452754,-60.989871,2008-06-12
Pyrocephalus rubinus,-9.6909942,-65.3690922,2013-06-10
Pyrocephalus rubinus,-9.6909942,-65.3690922,2014-09-01
Pyrocephalus rubinus,-9.6709843,-65.4085207,2014-09-01
Pyrocephalus rubinus,-8.8117223,-63.8375562,2015-05-02
Pyrocephalus rubinus,-9.6909942,-65.3690922,2015-08-17
Pyrocephalus rubinus,-9.611861,-65.046274,2015-08-12
Pyrocephalus rubinus,-9.640523,-65.0618076,2015-08-07
Pyrocephalus rubinus,-9.6996662,-65.3681803,2016-05-27
Pyrocephalus rubinus,-10.8571411,-65.2789485,2016-07-30
Pyrocephalus rubinus,-13.4633061,-61.0620117,2016-07-26
Pyrocephalus rubinus,-13.4633061,-61.0620117,2016-07-27
Pyrocephalus rubinus,-10.880508,-65.2592182,2016-07-30
Pyrocephalus rubinus,-13.4633061,-61.0620117,2016-07-25
Pyrocephalus rubinus,-13.4633061,-61.0620117,2016-07-25
Pyrocephalus rubinus,-10.8571411,-65.2789485,2016-07-30
Pyrocephalus rubinus,-13.4633061,-61.0620117,2016-07-27
Pyrocephalus rubinus,-9.2438127,-64.6221024,2016-07-13
Pyrocephalus rubinus,-13.4633061,-61.0620117,2016-07-26
Pyrocephalus rubinus,-10.880508,-65.2592182,2016-07-30
Pyrocephalus rubinus,-9.7441859,-65.3200936,2017-06-20
Pyrocephalus rubinus,-9.2202644,-64.6187275,2017-08-16
Pyrocephalus rubinus,-12.071738,-60.738258,2019-07-06
Pyrocephalus rubinus,-9.394597,-64.344526,2019-07-06
Pyrocephalus rubinus,3.4029579,-61.5998921,1982-01-21
Pyrocephalus rubinus,3.2053903,-60.5618334,2001-07-10
Pyrocephalus rubinus,3.4720847,-60.912044,2004-01-31
Pyrocephalus rubinus,3.4601332,-60.9098017,2007-11-05
Pyrocephalus rubinus,3.7514223,-61.7167926,2012-12-05
Pyrocephalus rubinus,2.8525339,-60.6343067,2013-07-12
Pyrocephalus rubinus,2.9218463,-60.7346467,2013-09-22
Pyrocephalus rubinus,2.865321,-60.655878,2014-02-18
Pyrocephalus rubinus,2.853084,-60.635354,2015-01-10
Pyrocephalus rubinus,3.6687479,-59.7175974,2015-01-18
Pyrocephalus rubinus,2.8208312,-60.7268341,2015-03-22
Pyrocephalus rubinus,2.8523,-60.84754,2015-07-25
Pyrocephalus rubinus,2.8523,-60.84754,2015-07-25
Pyrocephalus rubinus,2.4741586,-60.2464056,2015-10-19
Pyrocephalus rubinus,2.960812,-60.694064,2015-10-19
Pyrocephalus rubinus,3.9116954,-61.0102987,2015-10-18
Pyrocephalus rubinus,2.854872,-60.630171,2016-12-01
Pyrocephalus rubinus,2.854872,-60.630171,2016-12-01
Pyrocephalus rubinus,2.853463,-60.636057,2017-01-25
Pyrocephalus rubinus,2.782421,-60.650147,2017-01-26
Pyrocephalus rubinus,2.853544,-60.63606,2017-01-27
Pyrocephalus rubinus,2.853544,-60.63606,2017-01-27
Pyrocephalus rubinus,2.853544,-60.63606,2017-01-27
Pyrocephalus rubinus,2.853544,-60.63606,2017-01-27
Pyrocephalus rubinus,2.853463,-60.636057,2017-01-25
Pyrocephalus rubinus,2.782421,-60.650147,2017-01-26
Pyrocephalus rubinus,2.853463,-60.636057,2017-01-25
Pyrocephalus rubinus,2.853544,-60.63606,2017-01-27
Pyrocephalus rubinus,2.782421,-60.650147,2017-01-26
Pyrocephalus rubinus,2.853463,-60.636057,2017-01-25
Pyrocephalus rubinus,3.4601332,-60.9098017,2017-01-26
Pyrocephalus rubinus,3.4601332,-60.9098017,2017-01-26
Pyrocephalus rubinus,3.4601332,-60.9098017,2017-01-26
Pyrocephalus rubinus,2.853463,-60.636057,2017-01-25
Pyrocephalus rubinus,3.4601332,-60.9098017,2017-01-26
Pyrocephalus rubinus,3.4601332,-60.9098017,2017-01-26
Pyrocephalus rubinus,2.782421,-60.650147,2017-01-26
Pyrocephalus rubinus,2.782421,-60.650147,2017-01-26
Pyrocephalus rubinus,2.8591689,-60.6574806,2017-10-28
Pyrocephalus rubinus,2.7880531,-60.6634569,2017-10-28
Pyrocephalus rubinus,4.2419347,-61.0411119,2017-12-18
Pyrocephalus rubinus,4.450884,-61.1316097,2017-12-18
Pyrocephalus rubinus,2.8525339,-60.6343067,2017-12-18
Pyrocephalus rubinus,4.49661,-61.1255264,2017-12-19
Pyrocephalus rubinus,2.8525339,-60.6343067,2018-02-17
Pyrocephalus rubinus,2.863277,-60.6375431,2018-04-24
Pyrocephalus rubinus,2.8525339,-60.6343067,2018-09-28
Pyrocephalus rubinus,4.1878189,-60.8063339,2018-11-17
Pyrocephalus rubinus,4.1878189,-60.8063339,2018-11-17
Pyrocephalus rubinus,4.1878189,-60.8063339,2018-11-17
Pyrocephalus rubinus,4.1878189,-60.8063339,2018-11-17
Pyrocephalus rubinus,2.7720895,-60.6521702,2019-02-09
Pyrocephalus rubinus,2.7720895,-60.6521702,2019-02-09
Pyrocephalus rubinus,3.4613097,-59.8294184,2019-02-05
Pyrocephalus rubinus,2.8390822,-60.6811166,2019-02-09
Pyrocephalus rubinus,2.8390822,-60.6811166,2019-02-09
Pyrocephalus rubinus,1.468471,-61.0123844,2019-04-05
Pyrocephalus rubinus,2.8390822,-60.6811166,2019-04-04
Pyrocephalus rubinus,3.3843333,-60.8834795,2019-10-07
Pyrocephalus rubinus,3.3843333,-60.8834795,2019-10-07
Pyrocephalus rubinus,3.4566214,-60.9178124,2019-10-25
Pyrocephalus rubinus,3.346603,-60.870357,2019-10-25
Pyrocephalus rubinus,3.346603,-60.870357,2019-10-25
Pyrocephalus rubinus,3.4566214,-60.9178124,2019-10-25
Pyrocephalus rubinus,3.346603,-60.870357,2019-10-25
Pyrocephalus rubinus,2.8390822,-60.6811166,2019-11-08
Pyrocephalus rubinus,2.8390822,-60.6811166,2019-12-19
Pyrocephalus rubinus,2.8386019,-60.711814,2020-02-04
Pyrocephalus rubinus,2.8386019,-60.711814,2020-02-04
Pyrocephalus rubinus,2.8390822,-60.6811166,2020-02-02
Pyrocephalus rubinus,2.8386019,-60.711814,2020-02-04
Pyrocephalus rubinus,2.8390822,-60.6811166,2020-02-02
Pyrocephalus rubinus,2.8390822,-60.6811166,2020-02-02
Pyrocephalus rubinus,2.8386019,-60.711814,2020-02-04
Pyrocephalus rubinus,4.020157,-61.0415967,2020-03-08
Pyrocephalus rubinus,4.020157,-61.0415967,2020-03-08
Pyrocephalus rubinus,2.9319933,-60.5527969,2020-04-05
Pyrocephalus rubinus,-32.6569922,-52.555972,1995-10-23
Pyrocephalus rubinus,-33.7387725,-53.3654909,1997-01-04
Pyrocephalus rubinus,-32.5389356,-52.5386435,1999-11-19
Pyrocephalus rubinus,-31.1137977,-50.8565712,2003-12-06
Pyrocephalus rubinus,-31.9008781,-52.3127747,2010-10-16
Pyrocephalus rubinus,-31.362857,-51.978857,2010-11-07
Pyrocephalus rubinus,-31.1179052,-50.9469301,2011-12-26
Pyrocephalus rubinus,-29.3554441,-49.7318029,2014-04-11
Pyrocephalus rubinus,-29.6716186,-53.8980031,2014-05-07
Pyrocephalus rubinus,-32.1244534,-52.7083039,2014-10-22
Pyrocephalus rubinus,-32.1007097,-52.2390011,2014-11-17
Pyrocephalus rubinus,-31.496344,-53.666131,2015-01-28
Pyrocephalus rubinus,-30.1984046,-57.4845243,2015-01-09
Pyrocephalus rubinus,-30.0254636,-51.1577082,2015-05-22
Pyrocephalus rubinus,-33.4988544,-53.4330851,2015-09-29
Pyrocephalus rubinus,-30.1984046,-57.4845243,2015-09-27
Pyrocephalus rubinus,-29.4205556,-49.8311111,2015-10-18
Pyrocephalus rubinus,-32.503211,-52.5311387,2015-10-01
Pyrocephalus rubinus,-29.4205556,-49.8311111,2015-10-17
Pyrocephalus rubinus,-29.3278256,-49.7552294,2015-10-17
Pyrocephalus rubinus,-32.1187107,-52.5948787,2015-10-10
Pyrocephalus rubinus,-32.1128306,-52.6015972,2015-10-10
Pyrocephalus rubinus,-30.7595855,-51.642909,2015-10-12
Pyrocephalus rubinus,-31.9763889,-53.6141667,2015-11-11
Pyrocephalus rubinus,-30.2308282,-57.5102005,2015-11-09
Pyrocephalus rubinus,-31.2563069,-50.9828968,2015-11-13
Pyrocephalus rubinus,-31.9227065,-52.1991863,2015-11-21
Pyrocephalus rubinus,-30.0674356,-50.1931429,2015-11-11
Pyrocephalus rubinus,-30.1984046,-57.4845243,2015-12-17
Pyrocephalus rubinus,-30.1984046,-57.4845243,2015-12-30
Pyrocephalus rubinus,-30.2308282,-57.5102005,2015-12-28
Pyrocephalus rubinus,-29.7761243,-56.9569016,2015-12-18
Pyrocephalus rubinus,-30.1984046,-57.4845243,2015-12-30
Pyrocephalus rubinus,-31.7279944,-54.1549158,2015-12-24
Pyrocephalus rubinus,-31.3201074,-54.009347,2015-12-25
Pyrocephalus rubinus,-31.3201074,-54.009347,2015-12-24
Pyrocephalus rubinus,-31.3201074,-54.009347,2015-12-23
Pyrocephalus rubinus,-30.1984046,-57.4845243,2015-12-29
Pyrocephalus rubinus,-31.3201074,-54.009347,2015-12-23
Pyrocephalus rubinus,-30.1984046,-57.4845243,2015-12-29
Pyrocephalus rubinus,-32.1608369,-52.5499678,2015-12-19
Pyrocephalus rubinus,-32.1608369,-52.5499678,2015-12-19
Pyrocephalus rubinus,-31.3201074,-54.009347,2015-12-23
Pyrocephalus rubinus,-30.2308282,-57.5102005,2015-12-28
Pyrocephalus rubinus,-30.1984046,-57.4845243,2015-12-29
Pyrocephalus rubinus,-31.175342,-51.0336657,2015-12-13
Pyrocephalus rubinus,-31.3201074,-54.009347,2015-12-23
Pyrocephalus rubinus,-31.7279944,-54.1549158,2015-12-24
Pyrocephalus rubinus,-32.166009,-52.2199273,2015-12-21
Pyrocephalus rubinus,-31.3705318,-51.9788959,2016-03-13
Pyrocephalus rubinus,-31.175342,-51.0336657,2016-04-23
Pyrocephalus rubinus,-31.8194714,-52.3250313,2016-04-14
Pyrocephalus rubinus,-31.0480539,-50.9907675,2016-04-23
Pyrocephalus rubinus,-31.8194714,-52.3250313,2016-04-14
Pyrocephalus rubinus,-31.175342,-51.0336657,2016-04-23
Pyrocephalus rubinus,-32.224492,-52.4269724,2016-09-17
Pyrocephalus rubinus,-32.224492,-52.4269724,2016-09-17
Pyrocephalus rubinus,-32.224492,-52.4269724,2016-09-17
Pyrocephalus rubinus,-32.1608369,-52.5499678,2016-09-17
Pyrocephalus rubinus,-31.945462,-52.2348994,2016-09-17
Pyrocephalus rubinus,-31.8166371,-52.4319781,2016-09-29
Pyrocephalus rubinus,-31.945462,-52.2348994,2016-09-17
Pyrocephalus rubinus,-32.0897375,-52.2710824,2016-09-17
Pyrocephalus rubinus,-32.1608369,-52.5499678,2016-09-17
Pyrocephalus rubinus,-31.945462,-52.2348994,2016-09-17
Pyrocephalus rubinus,-30.1984046,-57.4845243,2016-10-28
Pyrocephalus rubinus,-31.5609116,-53.0464125,2016-10-08
Pyrocephalus rubinus,-31.8194714,-52.3250313,2016-10-22
Pyrocephalus rubinus,-31.9227065,-52.1991863,2016-10-29
Pyrocephalus rubinus,-31.8194714,-52.3250313,2016-10-22
Pyrocephalus rubinus,-31.8166371,-52.4319781,2016-10-22
Pyrocephalus rubinus,-30.1984046,-57.4845243,2016-10-28
Pyrocephalus rubinus,-30.1984046,-57.4845243,2016-10-28
Pyrocephalus rubinus,-31.8166371,-52.4319781,2016-10-22
Pyrocephalus rubinus,-31.3863217,-54.0644503,2016-10-22
Pyrocephalus rubinus,-31.8166371,-52.4319781,2016-10-31
Pyrocephalus rubinus,-30.1984046,-57.4845243,2016-10-28
Pyrocephalus rubinus,-31.7943577,-52.3167658,2016-10-21
Pyrocephalus rubinus,-32.0036361,-52.2954798,2016-10-22
Pyrocephalus rubinus,-32.166009,-52.2199273,2016-10-30
Pyrocephalus rubinus,-30.1984046,-57.4845243,2016-10-28
Pyrocephalus rubinus,-32.0036361,-52.2954798,2016-10-22
Pyrocephalus rubinus,-30.1984046,-57.4845243,2016-10-27
Pyrocephalus rubinus,-32.1608369,-52.5499678,2016-10-30
Pyrocephalus rubinus,-30.1984046,-57.4845243,2016-10-27
Pyrocephalus rubinus,-30.1984046,-57.4845243,2016-10-28
Pyrocephalus rubinus,-30.1984046,-57.4845243,2016-10-28
Pyrocephalus rubinus,-32.1222727,-52.2691298,2016-10-29
Pyrocephalus rubinus,-31.8166371,-52.4319781,2016-10-10
Pyrocephalus rubinus,-30.1984046,-57.4845243,2016-10-27
Pyrocephalus rubinus,-30.471108,-56.353697,2016-11-11
Pyrocephalus rubinus,-31.0756648,-54.2004661,2016-11-01
Pyrocephalus rubinus,-30.471108,-56.353697,2016-11-11
Pyrocephalus rubinus,-31.7943577,-52.3167658,2016-11-12
Pyrocephalus rubinus,-31.0763439,-54.1999799,2016-11-01
Pyrocephalus rubinus,-30.2022127,-57.5048536,2016-11-22
Pyrocephalus rubinus,-30.1984046,-57.4845243,2016-11-27
Pyrocephalus rubinus,-30.1984046,-57.4845243,2016-11-22
Pyrocephalus rubinus,-31.0756648,-54.2004661,2016-11-01
Pyrocephalus rubinus,-31.0519444,-50.9375,2016-11-29
Pyrocephalus rubinus,-31.1137977,-50.8565712,2016-12-02
Pyrocephalus rubinus,-31.8166371,-52.4319781,2016-12-07
Pyrocephalus rubinus,-31.8166371,-52.4319781,2016-12-14
Pyrocephalus rubinus,-31.7943577,-52.3167658,2016-12-30
Pyrocephalus rubinus,-31.8141667,-52.4275,2017-01-21
Pyrocephalus rubinus,-31.8002778,-52.4093056,2017-01-04
Pyrocephalus rubinus,-31.8002778,-52.4093056,2017-01-04
Pyrocephalus rubinus,-31.0480539,-50.9907675,2017-01-22
Pyrocephalus rubinus,-30.262198,-50.4785728,2017-02-05
Pyrocephalus rubinus,-30.203297,-57.506934,2017-02-25
Pyrocephalus rubinus,-32.2730556,-52.4572222,2017-02-11
Pyrocephalus rubinus,-30.203297,-57.506934,2017-02-27
Pyrocephalus rubinus,-30.203297,-57.506934,2017-02-26
Pyrocephalus rubinus,-31.8303886,-52.4473143,2017-03-24
Pyrocephalus rubinus,-30.857888,-55.672744,2017-04-22
Pyrocephalus rubinus,-31.491926,-52.100292,2017-04-01
Pyrocephalus rubinus,-32.5389356,-52.5386435,2017-09-09
Pyrocephalus rubinus,-28.2715681,-52.5462566,2017-09-08
Pyrocephalus rubinus,-32.2143987,-52.4046564,2017-09-02
Pyrocephalus rubinus,-31.9227065,-52.1991863,2017-09-09
Pyrocephalus rubinus,-29.7054548,-53.5782825,2017-09-08
Pyrocephalus rubinus,-31.7943577,-52.3167658,2017-09-07
Pyrocephalus rubinus,-32.5169444,-52.4947222,2017-09-02
Pyrocephalus rubinus,-31.1122222,-50.8597222,2017-09-20
Pyrocephalus rubinus,-31.6892481,-52.1985689,2017-09-17
Pyrocephalus rubinus,-31.9227065,-52.1991863,2017-09-09
Pyrocephalus rubinus,-30.857888,-55.672744,2017-09-10
Pyrocephalus rubinus,-28.2715681,-52.5462566,2017-09-08
Pyrocephalus rubinus,-31.2785478,-51.1241634,2017-09-17
Pyrocephalus rubinus,-31.7943577,-52.3167658,2017-10-14
Pyrocephalus rubinus,-31.7161111,-52.2038889,2017-10-14
Pyrocephalus rubinus,-31.4825723,-51.2624645,2017-10-29
Pyrocephalus rubinus,-31.8166371,-52.4319781,2017-10-24
Pyrocephalus rubinus,-31.0519444,-50.9375,2017-10-26
Pyrocephalus rubinus,-31.8166371,-52.4319781,2017-10-25
Pyrocephalus rubinus,-31.8166371,-52.4319781,2017-10-07
Pyrocephalus rubinus,-31.0519444,-50.9375,2017-10-26
Pyrocephalus rubinus,-31.0480539,-50.9907675,2017-10-26
Pyrocephalus rubinus,-31.945462,-52.2348994,2017-10-28
Pyrocephalus rubinus,-31.7943577,-52.3167658,2017-10-28
Pyrocephalus rubinus,-31.945462,-52.2348994,2017-10-28
Pyrocephalus rubinus,-31.8525909,-53.9738184,2017-10-31
Pyrocephalus rubinus,-31.7943577,-52.3167658,2017-10-28
Pyrocephalus rubinus,-31.7943577,-52.3167658,2017-10-14
Pyrocephalus rubinus,-31.8255556,-52.5047222,2017-10-21
Pyrocephalus rubinus,-31.7161111,-52.2038889,2017-10-14
Pyrocephalus rubinus,-31.8166371,-52.4319781,2017-10-25
Pyrocephalus rubinus,-31.8255556,-52.5047222,2017-10-21
Pyrocephalus rubinus,-31.8525909,-53.9738184,2017-10-28
Pyrocephalus rubinus,-31.0480539,-50.9907675,2017-10-26
Pyrocephalus rubinus,-31.8166371,-52.4319781,2017-10-24
Pyrocephalus rubinus,-30.857888,-55.672744,2017-10-10
Pyrocephalus rubinus,-29.3554441,-49.7318029,2017-10-20
Pyrocephalus rubinus,-30.3499587,-51.291647,2017-10-24
Pyrocephalus rubinus,-31.0519444,-50.9375,2017-10-26
Pyrocephalus rubinus,-31.8166371,-52.4319781,2017-10-07
Pyrocephalus rubinus,-31.0480539,-50.9907675,2017-10-26
Pyrocephalus rubinus,-32.165049,-52.182391,2017-11-02
Pyrocephalus rubinus,-32.8252795,-52.6631717,2017-11-19
Pyrocephalus rubinus,-31.8525909,-53.9738184,2017-11-17
Pyrocephalus rubinus,-31.7943577,-52.3167658,2017-11-01
Pyrocephalus rubinus,-32.165049,-52.182391,2017-11-18
Pyrocephalus rubinus,-30.1984046,-57.4845243,2017-11-16
Pyrocephalus rubinus,-31.9801962,-52.3006296,2017-11-10
Pyrocephalus rubinus,-32.5332679,-52.5203398,2017-11-19
Pyrocephalus rubinus,-30.857888,-55.672744,2017-11-10
Pyrocephalus rubinus,-31.7943577,-52.3167658,2017-11-20
Pyrocephalus rubinus,-31.8166371,-52.4319781,2017-11-07
Pyrocephalus rubinus,-31.8166371,-52.4319781,2017-11-07
Pyrocephalus rubinus,-30.1984046,-57.4845243,2017-12-26
Pyrocephalus rubinus,-32.33785,-52.8737712,2017-12-28
Pyrocephalus rubinus,-32.3385629,-52.9001141,2017-12-27
Pyrocephalus rubinus,-31.8166371,-52.4319781,2017-12-13
Pyrocephalus rubinus,-31.8166371,-52.4319781,2017-12-10
Pyrocephalus rubinus,-31.968655,-53.552198,2017-12-26
Pyrocephalus rubinus,-30.1984046,-57.4845243,2017-12-25
Pyrocephalus rubinus,-31.968655,-53.552198,2017-12-28
Pyrocephalus rubinus,-32.3385629,-52.9001141,2017-12-26
Pyrocephalus rubinus,-31.8166371,-52.4319781,2017-12-10
Pyrocephalus rubinus,-32.3385629,-52.9001141,2017-12-28
Pyrocephalus rubinus,-32.3164181,-52.4621201,2017-12-14
Pyrocephalus rubinus,-32.3385629,-52.9001141,2017-12-28
Pyrocephalus rubinus,-32.33785,-52.8737712,2017-12-28
Pyrocephalus rubinus,-30.1984046,-57.4845243,2017-12-25
Pyrocephalus rubinus,-32.3385629,-52.9001141,2017-12-27
Pyrocephalus rubinus,-31.968655,-53.552198,2017-12-25
Pyrocephalus rubinus,-31.968655,-53.552198,2017-12-26
Pyrocephalus rubinus,-31.968655,-53.552198,2017-12-25
Pyrocephalus rubinus,-31.968655,-53.552198,2017-12-27
Pyrocephalus rubinus,-32.3385629,-52.9001141,2017-12-27
Pyrocephalus rubinus,-32.3385629,-52.9001141,2017-12-27
Pyrocephalus rubinus,-31.8166371,-52.4319781,2017-12-08
Pyrocephalus rubinus,-30.857888,-55.672744,2017-12-10
Pyrocephalus rubinus,-32.3385629,-52.9001141,2017-12-27
Pyrocephalus rubinus,-31.8166371,-52.4319781,2017-12-07
Pyrocephalus rubinus,-32.3385629,-52.9001141,2017-12-27
Pyrocephalus rubinus,-32.3385629,-52.9001141,2017-12-28
Pyrocephalus rubinus,-32.3385629,-52.9001141,2017-12-28
Pyrocephalus rubinus,-32.3164181,-52.4621201,2017-12-14
Pyrocephalus rubinus,-31.8166371,-52.4319781,2017-12-08
Pyrocephalus rubinus,-31.0277393,-54.6459484,2017-12-25
Pyrocephalus rubinus,-31.8166371,-52.4319781,2017-12-07
Pyrocephalus rubinus,-30.1984046,-57.4845243,2017-12-26
Pyrocephalus rubinus,-31.8166371,-52.4319781,2017-12-10
Pyrocephalus rubinus,-32.3385629,-52.9001141,2017-12-27
Pyrocephalus rubinus,-32.3385629,-52.9001141,2017-12-26
Pyrocephalus rubinus,-32.3385629,-52.9001141,2017-12-27
Pyrocephalus rubinus,-31.9227065,-52.1991863,2018-01-20
Pyrocephalus rubinus,-32.166009,-52.2199273,2018-01-11
Pyrocephalus rubinus,-30.857888,-55.672744,2018-01-10
Pyrocephalus rubinus,-31.9111183,-52.2675933,2018-01-20
Pyrocephalus rubinus,-31.9751179,-52.3153335,2018-01-25
Pyrocephalus rubinus,-31.8595531,-52.3073673,2018-01-20
Pyrocephalus rubinus,-31.7675,-52.2513889,2018-01-13
Pyrocephalus rubinus,-32.166009,-52.2199273,2018-01-08
Pyrocephalus rubinus,-31.3185541,-54.0163918,2018-01-13
Pyrocephalus rubinus,-31.4117917,-54.5297921,2018-01-14
Pyrocephalus rubinus,-31.6669444,-52.5825,2018-02-02
Pyrocephalus rubinus,-31.9294444,-52.6255556,2018-02-17
Pyrocephalus rubinus,-32.166009,-52.2199273,2018-02-09
Pyrocephalus rubinus,-31.9294444,-52.6255556,2018-02-17
Pyrocephalus rubinus,-30.857888,-55.672744,2018-02-10
Pyrocephalus rubinus,-32.3164181,-52.4621201,2018-02-09
Pyrocephalus rubinus,-32.3164181,-52.4621201,2018-02-09
Pyrocephalus rubinus,-32.166009,-52.2199273,2018-02-09
Pyrocephalus rubinus,-30.0521382,-51.1781616,2018-03-31
Pyrocephalus rubinus,-30.0521382,-51.1781616,2018-03-31
Pyrocephalus rubinus,-31.8066667,-52.3983333,2018-03-14
Pyrocephalus rubinus,-31.3201074,-54.009347,2018-03-16
Pyrocephalus rubinus,-31.8897222,-52.8638889,2018-03-03
Pyrocephalus rubinus,-30.152594,-51.171826,2018-04-12
Pyrocephalus rubinus,-28.4804728,-52.8056562,2018-04-05
Pyrocephalus rubinus,-28.2228824,-53.6702856,2018-04-29
Pyrocephalus rubinus,-30.0331396,-50.1708932,2018-04-28
Pyrocephalus rubinus,-30.1984046,-57.4845243,2018-08-29
Pyrocephalus rubinus,-32.1187107,-52.5948787,2018-08-18
Pyrocephalus rubinus,-31.7055556,-52.2580556,2018-08-29
Pyrocephalus rubinus,-31.7943577,-52.3167658,2018-09-29
Pyrocephalus rubinus,-32.1813529,-52.1641391,2018-09-28
Pyrocephalus rubinus,-30.1984046,-57.4845243,2018-09-04
Pyrocephalus rubinus,-32.1187107,-52.5948787,2018-09-21
Pyrocephalus rubinus,-30.2003926,-54.8252622,2018-09-09
Pyrocephalus rubinus,-29.8025091,-51.1205995,2018-09-27
Pyrocephalus rubinus,-31.8066667,-52.3983333,2018-10-06
Pyrocephalus rubinus,-30.2022383,-57.5048427,2018-10-15
Pyrocephalus rubinus,-32.8575,-52.2863889,2018-10-06
Pyrocephalus rubinus,-31.7943577,-52.3167658,2018-10-13
Pyrocephalus rubinus,-30.0331396,-50.1708932,2018-10-21
Pyrocephalus rubinus,-30.2022383,-57.5048427,2018-10-15
Pyrocephalus rubinus,-30.2022383,-57.5048427,2018-10-15
Pyrocephalus rubinus,-30.2022383,-57.5048427,2018-10-15
Pyrocephalus rubinus,-30.2022383,-57.5048427,2018-10-15
Pyrocephalus rubinus,-29.4680603,-49.8241263,2018-10-06
Pyrocephalus rubinus,-30.1984046,-57.4845243,2018-10-22
Pyrocephalus rubinus,-30.1984046,-57.4845243,2018-10-22
Pyrocephalus rubinus,-32.011,-52.301,2018-10-06
Pyrocephalus rubinus,-31.8575,-52.2744444,2018-10-06
Pyrocephalus rubinus,-30.2022712,-57.5050429,2018-10-14
Pyrocephalus rubinus,-30.2022383,-57.5048427,2018-10-15
Pyrocephalus rubinus,-30.2022383,-57.5048427,2018-10-15
Pyrocephalus rubinus,-30.2022712,-57.5050429,2018-10-14
Pyrocephalus rubinus,-30.0331396,-50.1708932,2018-10-21
Pyrocephalus rubinus,-32.1222727,-52.2691298,2018-10-05
Pyrocephalus rubinus,-32.8575,-52.2863889,2018-10-06
Pyrocephalus rubinus,-30.2022383,-57.5048427,2018-10-15
Pyrocephalus rubinus,-29.7898091,-55.7618439,2018-10-06
Pyrocephalus rubinus,-31.7943577,-52.3167658,2018-11-11
Pyrocephalus rubinus,-32.1217036,-52.8771556,2018-11-15
Pyrocephalus rubinus,-31.048017,-51.003925,2018-11-07
Pyrocephalus rubinus,-29.9530063,-50.1090392,2018-11-02
Pyrocephalus rubinus,-29.9813873,-55.7593304,2018-11-11
Pyrocephalus rubinus,-31.051,-50.998,2018-11-17
Pyrocephalus rubinus,-31.25389,-50.987421,2018-11-09
Pyrocephalus rubinus,-30.2878224,-54.7811278,2018-11-21
Pyrocephalus rubinus,-31.3201074,-54.009347,2018-11-24
Pyrocephalus rubinus,-30.1984046,-57.4845243,2018-12-15
Pyrocephalus rubinus,-32.2787955,-53.037706,2018-12-21
Pyrocephalus rubinus,-32.2787955,-53.037706,2018-12-24
Pyrocephalus rubinus,-32.2787955,-53.037706,2018-12-21
Pyrocephalus rubinus,-32.3385629,-52.9001141,2018-12-31
Pyrocephalus rubinus,-32.3385629,-52.9001141,2018-12-23
Pyrocephalus rubinus,-31.7581266,-52.22745,2018-12-26
Pyrocephalus rubinus,-32.2787955,-53.037706,2018-12-25
Pyrocephalus rubinus,-32.2787955,-53.037706,2018-12-25
Pyrocephalus rubinus,-32.3385629,-52.9001141,2018-12-31
Pyrocephalus rubinus,-32.3385629,-52.9001141,2018-12-23
Pyrocephalus rubinus,-32.2787955,-53.037706,2018-12-21
Pyrocephalus rubinus,-32.3385629,-52.9001141,2018-12-23
Pyrocephalus rubinus,-31.383,-54.521,2018-12-09
Pyrocephalus rubinus,-30.156987,-50.2238998,2018-12-25
Pyrocephalus rubinus,-32.3385629,-52.9001141,2018-12-28
Pyrocephalus rubinus,-32.3385629,-52.9001141,2018-12-31
Pyrocephalus rubinus,-32.2787955,-53.037706,2018-12-25
Pyrocephalus rubinus,-32.1187107,-52.5948787,2019-01-04
Pyrocephalus rubinus,-32.1187107,-52.5948787,2019-01-03
Pyrocephalus rubinus,-32.3385629,-52.9001141,2019-01-02
Pyrocephalus rubinus,-31.5817412,-53.3827377,2019-01-11
Pyrocephalus rubinus,-32.3385629,-52.9001141,2019-01-01
Pyrocephalus rubinus,-30.1984046,-57.4845243,2019-02-05
Pyrocephalus rubinus,-31.2546841,-54.0768202,2019-02-08
Pyrocephalus rubinus,-31.781,-52.796,2019-02-16
Pyrocephalus rubinus,-31.7943577,-52.3167658,2019-02-23
Pyrocephalus rubinus,-31.8025209,-52.4060356,2019-03-16
Pyrocephalus rubinus,-31.8025209,-52.4060356,2019-03-16
Pyrocephalus rubinus,-28.343636,-55.6557402,2019-04-27
Pyrocephalus rubinus,-32.1547222,-52.0819444,2019-04-06
Pyrocephalus rubinus,-30.0331396,-50.1708932,2019-09-08
Pyrocephalus rubinus,-28.4276655,-54.2919536,2019-09-21
Pyrocephalus rubinus,-28.5398713,-54.5547786,2019-09-20
Pyrocephalus rubinus,-29.9666992,-57.1916124,2019-09-15
Pyrocephalus rubinus,-31.8788889,-51.8444444,2019-09-26
Pyrocephalus rubinus,-31.7943577,-52.3167658,2019-09-15
Pyrocephalus rubinus,-29.9832637,-51.1883068,2019-09-14
Pyrocephalus rubinus,-29.9832637,-51.1883068,2019-09-14
Pyrocephalus rubinus,-32.1187107,-52.5948787,2019-09-21
Pyrocephalus rubinus,-29.7607419,-51.1301525,2019-09-10
Pyrocephalus rubinus,-27.3598942,-53.4089689,2019-09-25
Pyrocephalus rubinus,-30.2308282,-57.5102005,2019-09-09
Pyrocephalus rubinus,-30.1984046,-57.4845243,2019-09-10
Pyrocephalus rubinus,-28.5398713,-54.5547786,2019-09-20
Pyrocephalus rubinus,-31.7943577,-52.3167658,2019-10-27
Pyrocephalus rubinus,-31.2563069,-50.9828968,2019-10-24
Pyrocephalus rubinus,-31.7943577,-52.3167658,2019-10-06
Pyrocephalus rubinus,-31.2563069,-50.9828968,2019-10-24
Pyrocephalus rubinus,-30.339735,-53.866248,2019-10-06
Pyrocephalus rubinus,-30.0788889,-55.5269444,2019-10-05
Pyrocephalus rubinus,-30.0331396,-50.1708932,2019-10-19
Pyrocephalus rubinus,-30.2878224,-54.7811278,2019-10-08
Pyrocephalus rubinus,-31.7286439,-52.2150469,2019-10-18
Pyrocephalus rubinus,-29.790434,-55.762903,2019-10-04
Pyrocephalus rubinus,-32.4719444,-53.2869444,2019-10-05
Pyrocephalus rubinus,-30.0788889,-55.5269444,2019-10-05
Pyrocephalus rubinus,-30.0331396,-50.1708932,2019-10-19
Pyrocephalus rubinus,-31.376553,-54.513026,2019-11-24
Pyrocephalus rubinus,-31.376553,-54.513026,2019-11-24
Pyrocephalus rubinus,-32.17149,-52.225116,2019-11-22
Pyrocephalus rubinus,-32.151297,-52.202501,2019-11-23
Pyrocephalus rubinus,-31.321849,-54.009072,2019-11-23
Pyrocephalus rubinus,-31.321849,-54.009072,2019-11-23
Pyrocephalus rubinus,-30.1984046,-57.4845243,2019-11-26
Pyrocephalus rubinus,-32.17149,-52.225116,2019-11-22
Pyrocephalus rubinus,-30.1984046,-57.4845243,2019-11-26
Pyrocephalus rubinus,-30.1984046,-57.4845243,2019-11-27
Pyrocephalus rubinus,-29.6323033,-51.0160909,2019-11-23
Pyrocephalus rubinus,-30.1984046,-57.4845243,2019-11-27
Pyrocephalus rubinus,-30.1984046,-57.4845243,2019-11-26
Pyrocephalus rubinus,-32.17149,-52.225116,2019-11-22
Pyrocephalus rubinus,-30.1984046,-57.4845243,2019-11-27
Pyrocephalus rubinus,-30.1984046,-57.4845243,2019-11-26
Pyrocephalus rubinus,-30.1984046,-57.4845243,2019-11-27
Pyrocephalus rubinus,-31.321849,-54.009072,2019-11-23
Pyrocephalus rubinus,-30.1984046,-57.4845243,2019-11-26
Pyrocephalus rubinus,-31.376553,-54.513026,2019-11-24
Pyrocephalus rubinus,-32.17149,-52.225116,2019-11-22
Pyrocephalus rubinus,-32.151297,-52.202501,2019-11-23
Pyrocephalus rubinus,-31.4192026,-51.20755,2019-11-22
Pyrocephalus rubinus,-32.151297,-52.202501,2019-11-23
Pyrocephalus rubinus,-30.1984046,-57.4845243,2019-11-26
Pyrocephalus rubinus,-30.1984046,-57.4845243,2019-11-26
Pyrocephalus rubinus,-30.1321278,-50.231369,2019-11-24
Pyrocephalus rubinus,-31.376553,-54.513026,2019-11-24
Pyrocephalus rubinus,-30.1984046,-57.4845243,2019-11-26
Pyrocephalus rubinus,-31.321849,-54.009072,2019-11-23
Pyrocephalus rubinus,-30.5898627,-54.3347167,2019-12-08
Pyrocephalus rubinus,-30.5898627,-54.3347167,2019-12-08
Pyrocephalus rubinus,-30.5898627,-54.3347167,2019-12-08
Pyrocephalus rubinus,-30.8927538,-54.5002866,2019-12-17
Pyrocephalus rubinus,-31.8066667,-52.3983333,2020-01-13
Pyrocephalus rubinus,-30.1984046,-57.4845243,2020-01-05
Pyrocephalus rubinus,-30.1984046,-57.4845243,2020-01-02
Pyrocephalus rubinus,-32.6569922,-52.555972,2020-01-13
Pyrocephalus rubinus,-30.0749569,-55.283336,2020-01-13
Pyrocephalus rubinus,-33.716504,-53.4281371,2020-01-04
Pyrocephalus rubinus,-31.8025209,-52.4060356,2020-01-18
Pyrocephalus rubinus,-30.3988662,-54.3634571,2020-01-23
Pyrocephalus rubinus,-30.0749569,-55.283336,2020-01-16
Pyrocephalus rubinus,-30.0749569,-55.283336,2020-01-12
Pyrocephalus rubinus,-30.0749569,-55.283336,2020-01-14
Pyrocephalus rubinus,-30.1984046,-57.4845243,2020-01-04
Pyrocephalus rubinus,-30.3988662,-54.3634571,2020-01-23
Pyrocephalus rubinus,-32.5382335,-52.5386685,2020-01-13
Pyrocephalus rubinus,-30.599057,-54.3289349,2020-01-24
Pyrocephalus rubinus,-30.599057,-54.3289349,2020-01-24
Pyrocephalus rubinus,-30.1984046,-57.4845243,2020-01-15
Pyrocephalus rubinus,-29.9939827,-55.6753487,2020-01-01
Pyrocephalus rubinus,-31.8025209,-52.4060356,2020-01-18
Pyrocephalus rubinus,-30.2898537,-54.900473,2020-01-07
Pyrocephalus rubinus,-30.6886094,-55.6490051,2020-01-15
Pyrocephalus rubinus,-32.1187107,-52.5948787,2020-01-09
Pyrocephalus rubinus,-29.9955036,-55.3389321,2020-01-14
Pyrocephalus rubinus,-30.1984046,-57.4845243,2020-01-03
Pyrocephalus rubinus,-30.197908,-57.495989,2020-02-21
Pyrocephalus rubinus,-31.8525415,-53.9740864,2020-02-26
Pyrocephalus rubinus,-29.9278058,-50.2256868,2020-02-22
Pyrocephalus rubinus,-29.9392282,-56.4138488,2020-02-25
Pyrocephalus rubinus,-29.9631323,-54.6613246,2020-02-01
Pyrocephalus rubinus,-30.0674356,-50.1931429,2020-02-18
Pyrocephalus rubinus,-30.1984046,-57.4845243,2020-02-22
Pyrocephalus rubinus,-31.8476335,-53.9614142,2020-02-09
Pyrocephalus rubinus,-29.9631323,-54.6613246,2020-02-01
Pyrocephalus rubinus,-29.9631323,-54.6613246,2020-02-01
Pyrocephalus rubinus,-31.7581266,-52.22745,2020-02-14
Pyrocephalus rubinus,-31.7943577,-52.3167658,2020-02-01
Pyrocephalus rubinus,-29.9631323,-54.6613246,2020-02-01
Pyrocephalus rubinus,-30.20106,-57.504562,2020-02-21
Pyrocephalus rubinus,-29.7802657,-57.0318358,2020-02-24
Pyrocephalus rubinus,-31.8528583,-53.9884733,2020-03-01
Pyrocephalus rubinus,-29.7054548,-53.5782825,2020-04-04
Pyrocephalus rubinus,-31.9227065,-52.1991863,2020-04-21
Pyrocephalus rubinus,-26.0816713,-48.6405426,2000-07-18
Pyrocephalus rubinus,-26.0816713,-48.6405426,2000-07-15
Pyrocephalus rubinus,-26.0042331,-48.6037302,2004-08-01
Pyrocephalus rubinus,-26.0042331,-48.6037302,2004-08-02
Pyrocephalus rubinus,-26.0814092,-48.6419602,2006-09-06
Pyrocephalus rubinus,-26.7136054,-49.6777296,2006-12-12
Pyrocephalus rubinus,-26.7136054,-49.6777296,2007-01-04
Pyrocephalus rubinus,-26.7136054,-49.6777296,2007-01-23
Pyrocephalus rubinus,-26.7136054,-49.6777296,2007-02-20
Pyrocephalus rubinus,-26.7136054,-49.6777296,2007-02-08
Pyrocephalus rubinus,-26.7136054,-49.6777296,2007-03-06
Pyrocephalus rubinus,-26.7136054,-49.6777296,2007-04-21
Pyrocephalus rubinus,-26.7136054,-49.6777296,2007-06-10
Pyrocephalus rubinus,-26.0814092,-48.6419602,2007-07-27
Pyrocephalus rubinus,-26.2278877,-48.6803073,2007-07-21
Pyrocephalus rubinus,-26.7136054,-49.6777296,2007-09-12
Pyrocephalus rubinus,-26.7136054,-49.6777296,2007-09-15
Pyrocephalus rubinus,-26.7136054,-49.6777296,2007-10-26
Pyrocephalus rubinus,-26.7136054,-49.6777296,2007-11-16
Pyrocephalus rubinus,-26.7136054,-49.6777296,2008-01-17
Pyrocephalus rubinus,-26.7136054,-49.6777296,2008-02-01
Pyrocephalus rubinus,-26.7136054,-49.6777296,2008-05-02
Pyrocephalus rubinus,-26.0816713,-48.6405426,2009-09-20
Pyrocephalus rubinus,-27.644726,-51.255689,2010-09-04
Pyrocephalus rubinus,-27.715427,-48.502984,2010-10-09
Pyrocephalus rubinus,-27.1027479,-51.6925406,2011-07-25
Pyrocephalus rubinus,-27.6565998,-48.4775054,2011-09-02
Pyrocephalus rubinus,-26.8700567,-48.7233782,2011-09-27
Pyrocephalus rubinus,-27.6851242,-48.5452795,2011-11-26
Pyrocephalus rubinus,-26.0816713,-48.6405426,2014-04-21
Pyrocephalus rubinus,-26.0816713,-48.6405426,2014-07-25
Pyrocephalus rubinus,-26.0816713,-48.6405426,2014-07-26
Pyrocephalus rubinus,-26.0816713,-48.6405426,2014-07-27
Pyrocephalus rubinus,-27.6163186,-48.4562731,2015-05-30
Pyrocephalus rubinus,-26.0816713,-48.6405426,2015-06-01
Pyrocephalus rubinus,-26.0816713,-48.6405426,2015-06-09
Pyrocephalus rubinus,-26.74285,-51.98211,2015-06-08
Pyrocephalus rubinus,-26.74285,-51.98211,2015-06-08
Pyrocephalus rubinus,-27.4540417,-48.5413957,2015-09-20
Pyrocephalus rubinus,-27.4574449,-48.3746696,2015-10-10
Pyrocephalus rubinus,-28.1829607,-50.640827,2015-10-03
Pyrocephalus rubinus,-27.4574449,-48.3746696,2015-10-10
Pyrocephalus rubinus,-27.4574449,-48.3746696,2015-10-10
Pyrocephalus rubinus,-26.0816713,-48.6405426,2015-11-29
Pyrocephalus rubinus,-29.0270077,-49.6093172,2015-11-17
Pyrocephalus rubinus,-26.0816713,-48.6405426,2015-11-29
Pyrocephalus rubinus,-26.0816713,-48.6405426,2016-05-09
Pyrocephalus rubinus,-27.6163186,-48.4562731,2017-04-16
Pyrocephalus rubinus,-26.0816713,-48.6405426,2017-09-01
Pyrocephalus rubinus,-26.2981137,-48.6241857,2017-09-02
Pyrocephalus rubinus,-26.0816713,-48.6405426,2017-09-01
Pyrocephalus rubinus,-26.0816713,-48.6405426,2017-09-01
Pyrocephalus rubinus,-26.0816713,-48.6405426,2017-09-01
Pyrocephalus rubinus,-26.8730666,-52.0183513,2017-10-04
Pyrocephalus rubinus,-26.0816713,-48.6405426,2017-10-04
Pyrocephalus rubinus,-29.1293808,-49.638564,2017-11-20
Pyrocephalus rubinus,-27.2794439,-48.3748138,2018-04-06
Pyrocephalus rubinus,-27.2540955,-48.6164761,2018-05-25
Pyrocephalus rubinus,-27.2540955,-48.6164761,2018-05-25
Pyrocephalus rubinus,-27.2540955,-48.6164761,2018-05-24
Pyrocephalus rubinus,-27.2540955,-48.6164761,2018-05-24
Pyrocephalus rubinus,-27.2540955,-48.6164761,2018-05-05
Pyrocephalus rubinus,-27.2540955,-48.6164761,2018-05-05
Pyrocephalus rubinus,-26.0816713,-48.6405426,2018-05-26
Pyrocephalus rubinus,-27.2540955,-48.6164761,2018-05-24
Pyrocephalus rubinus,-26.0816713,-48.6405426,2018-05-26
Pyrocephalus rubinus,-26.0816713,-48.6405426,2018-05-26
Pyrocephalus rubinus,-26.0816713,-48.6405426,2018-05-26
Pyrocephalus rubinus,-27.2540955,-48.6164761,2018-05-24
Pyrocephalus rubinus,-27.2540955,-48.6164761,2018-05-25
Pyrocephalus rubinus,-27.2540955,-48.6164761,2018-05-25
Pyrocephalus rubinus,-26.0816713,-48.6405426,2018-06-16
Pyrocephalus rubinus,-26.0816713,-48.6405426,2018-06-16
Pyrocephalus rubinus,-26.0816713,-48.6405426,2018-06-16
Pyrocephalus rubinus,-27.2540955,-48.6164761,2018-08-15
Pyrocephalus rubinus,-27.4722495,-48.494401,2018-11-08
Pyrocephalus rubinus,-26.0816713,-48.6405426,2019-05-25
Pyrocephalus rubinus,-26.0816713,-48.6405426,2019-05-25
Pyrocephalus rubinus,-26.8937959,-48.7156789,2019-05-02
Pyrocephalus rubinus,-26.0816713,-48.6405426,2019-06-05
Pyrocephalus rubinus,-27.232929,-48.651964,2019-08-03
Pyrocephalus rubinus,-28.182811,-50.6401854,2019-11-24
Pyrocephalus rubinus,-28.182811,-50.6401854,2019-11-24
Pyrocephalus rubinus,-27.9652824,-49.5092541,2020-02-01
Pyrocephalus rubinus,-26.487595,-49.0734346,2020-04-30
Pyrocephalus rubinus,-26.8977047,-48.7059145,2020-04-03
Pyrocephalus rubinus,-23.5861978,-46.6591035,1978-06-18
Pyrocephalus rubinus,-23.5861978,-46.6591035,1978-06-03
Pyrocephalus rubinus,-23.5414059,-45.0706816,1983-04-02
Pyrocephalus rubinus,-22.8194391,-47.054986,1983-08-25
Pyrocephalus rubinus,-22.8194391,-47.054986,1983-08-18
Pyrocephalus rubinus,-22.8194391,-47.054986,1983-09-01
Pyrocephalus rubinus,-22.8194391,-47.054986,1983-09-15
Pyrocephalus rubinus,-22.8260649,-48.6626667,1984-04-30
Pyrocephalus rubinus,-22.8260649,-48.6626667,1984-05-19
Pyrocephalus rubinus,-22.8260649,-48.6626667,1984-05-18
Pyrocephalus rubinus,-22.8260649,-48.6626667,1984-06-22
Pyrocephalus rubinus,-22.8260649,-48.6626667,1984-07-18
Pyrocephalus rubinus,-22.8260649,-48.6626667,1984-07-19
Pyrocephalus rubinus,-23.5667407,-46.7186844,1984-07-10
Pyrocephalus rubinus,-23.5645621,-46.730567,1984-07-11
Pyrocephalus rubinus,-23.5645621,-46.730567,1984-08-30
Pyrocephalus rubinus,-22.8260649,-48.6626667,1984-08-16
Pyrocephalus rubinus,-22.8260649,-48.6626667,1984-08-18
Pyrocephalus rubinus,-22.8260649,-48.6626667,1984-08-17
Pyrocephalus rubinus,-23.5645621,-46.730567,1984-09-13
Pyrocephalus rubinus,-22.8260649,-48.6626667,1985-05-12
Pyrocephalus rubinus,-22.8260649,-48.6626667,1985-08-31
Pyrocephalus rubinus,-23.592282,-46.6610424,1987-08-19
Pyrocephalus rubinus,-22.8260649,-48.6626667,1987-09-05
Pyrocephalus rubinus,-22.8260649,-48.6626667,1987-09-06
Pyrocephalus rubinus,-22.8260649,-48.6626667,1987-09-07
Pyrocephalus rubinus,-24.3801209,-47.0789132,1990-08-15
Pyrocephalus rubinus,-23.5861978,-46.6591035,1990-09-28
Pyrocephalus rubinus,-24.3128129,-47.0005846,1991-04-22
Pyrocephalus rubinus,-24.3128129,-47.0005846,1991-04-23
Pyrocephalus rubinus,-23.4201639,-47.4545536,1991-08-29
Pyrocephalus rubinus,-23.5861978,-46.6591035,1993-05-20
Pyrocephalus rubinus,-22.8117889,-47.1191597,1993-05-02
Pyrocephalus rubinus,-23.5861978,-46.6591035,1993-05-27
Pyrocephalus rubinus,-23.5861978,-46.6591035,1993-06-02
Pyrocephalus rubinus,-23.5861978,-46.6591035,1993-07-08
Pyrocephalus rubinus,-23.5861978,-46.6591035,1993-07-14
Pyrocephalus rubinus,-23.5861978,-46.6591035,1993-08-26
Pyrocephalus rubinus,-23.5861978,-46.6591035,1993-08-13
Pyrocephalus rubinus,-23.5861978,-46.6591035,1993-09-02
Pyrocephalus rubinus,-23.5861978,-46.6591035,1993-09-24
Pyrocephalus rubinus,-23.5861978,-46.6591035,1993-10-11
Pyrocephalus rubinus,-23.5784843,-46.5440598,1994-03-19
Pyrocephalus rubinus,-23.413354,-46.791187,1995-05-26
Pyrocephalus rubinus,-23.4919417,-46.5228939,1997-08-07
Pyrocephalus rubinus,-23.5861978,-46.6591035,1998-05-30
Pyrocephalus rubinus,-23.5861978,-46.6591035,1998-06-27
Pyrocephalus rubinus,-23.56144,-46.73189,1999-03-26
Pyrocephalus rubinus,-23.5861978,-46.6591035,1999-05-01
Pyrocephalus rubinus,-23.5052491,-46.7266801,1999-05-18
Pyrocephalus rubinus,-23.5052491,-46.7266801,1999-05-12
Pyrocephalus rubinus,-23.5052491,-46.7266801,1999-07-01
Pyrocephalus rubinus,-23.3944444,-45.0713889,2000-08-13
Pyrocephalus rubinus,-23.347368,-46.157226,2000-08-19
Pyrocephalus rubinus,-24.2682101,-48.4127569,2001-05-15
Pyrocephalus rubinus,-23.5861978,-46.6591035,2001-06-11
Pyrocephalus rubinus,-22.4869439,-46.6146898,2002-07-30
Pyrocephalus rubinus,-22.5563181,-52.281189,2003-07-13
Pyrocephalus rubinus,-24.2633712,-48.4127658,2003-08-26
Pyrocephalus rubinus,-23.5277778,-46.5736111,2003-09-01
Pyrocephalus rubinus,-22.4053656,-47.5246668,2004-08-22
Pyrocephalus rubinus,-23.3973436,-45.064308,2005-07-24
Pyrocephalus rubinus,-23.3944444,-45.0713889,2005-07-25
Pyrocephalus rubinus,-22.4405556,-47.5055556,2005-09-14
Pyrocephalus rubinus,-22.3935812,-47.5442042,2006-04-24
Pyrocephalus rubinus,-22.4138156,-47.5229609,2006-05-27
Pyrocephalus rubinus,-24.1495339,-46.7966616,2006-07-18
Pyrocephalus rubinus,-23.9062796,-46.3175569,2006-09-03
Pyrocephalus rubinus,-22.3935812,-47.5442042,2006-09-25
Pyrocephalus rubinus,-23.9062796,-46.3175569,2006-09-02
Pyrocephalus rubinus,-21.2469423,-50.3741598,2007-07-17
Pyrocephalus rubinus,-24.1495339,-46.7966616,2007-07-20
Pyrocephalus rubinus,-23.3944444,-45.0713889,2007-08-15
Pyrocephalus rubinus,-24.3639861,-47.0239305,2007-08-05
Pyrocephalus rubinus,-23.4822887,-46.5330541,2007-08-05
Pyrocephalus rubinus,-23.4822887,-46.5330541,2007-08-06
Pyrocephalus rubinus,-24.2682101,-48.4127569,2007-09-11
Pyrocephalus rubinus,-22.4053656,-47.5246668,2007-09-07
Pyrocephalus rubinus,-22.4053656,-47.5246668,2007-09-13
Pyrocephalus rubinus,-22.3935812,-47.5442042,2007-09-01
Pyrocephalus rubinus,-22.4053656,-47.5246668,2007-09-07
Pyrocephalus rubinus,-23.3944444,-45.0713889,2007-09-23
Pyrocephalus rubinus,-22.3935812,-47.5442042,2007-09-01
Pyrocephalus rubinus,-23.4257637,-45.0829983,2007-10-23
Pyrocephalus rubinus,-24.2678388,-48.4094589,2007-10-03
Pyrocephalus rubinus,-23.4257637,-45.0829983,2007-10-24
Pyrocephalus rubinus,-23.5502972,-46.6886759,2007-11-20
Pyrocephalus rubinus,-22.3935812,-47.5442042,2008-04-26
Pyrocephalus rubinus,-23.462085,-45.0658321,2008-05-12
Pyrocephalus rubinus,-23.5427,-46.1164,2008-05-01
Pyrocephalus rubinus,-23.4332453,-45.0857019,2008-05-12
Pyrocephalus rubinus,-23.9040437,-46.4131165,2008-05-23
Pyrocephalus rubinus,-23.4919417,-46.5228939,2008-07-20
Pyrocephalus rubinus,-22.6079891,-47.8744698,2008-08-27
Pyrocephalus rubinus,-23.3944444,-45.0713889,2008-09-17
Pyrocephalus rubinus,-23.3944444,-45.0713889,2008-09-17
Pyrocephalus rubinus,-22.7087789,-47.639873,2008-11-13
Pyrocephalus rubinus,-24.7097612,-48.1246018,2009-04-02
Pyrocephalus rubinus,-23.4011,-45.06293,2009-05-25
Pyrocephalus rubinus,-21.2469423,-50.3741598,2009-05-02
Pyrocephalus rubinus,-23.4409628,-45.071454,2009-06-01
Pyrocephalus rubinus,-23.39938,-45.05881,2009-06-21
Pyrocephalus rubinus,-21.2469423,-50.3741598,2009-07-19
Pyrocephalus rubinus,-23.39938,-45.05881,2009-07-09
Pyrocephalus rubinus,-23.5190421,-46.667874,2009-08-18
Pyrocephalus rubinus,-23.5190421,-46.667874,2009-08-18
Pyrocephalus rubinus,-23.5190421,-46.667874,2009-08-18
Pyrocephalus rubinus,-23.3313014,-44.9399614,2009-08-03
Pyrocephalus rubinus,-24.2682101,-48.4127569,2009-09-30
Pyrocephalus rubinus,-23.4011,-45.06293,2009-09-11
Pyrocephalus rubinus,-24.26731,-48.41179,2009-09-30
Pyrocephalus rubinus,-23.855284,-46.139394,2010-03-21
Pyrocephalus rubinus,-22.6079891,-47.8744698,2010-07-21
Pyrocephalus rubinus,-22.6079891,-47.8744698,2010-07-31
Pyrocephalus rubinus,-23.3313014,-44.9399614,2010-07-25
Pyrocephalus rubinus,-22.6476406,-48.0326986,2010-07-21
Pyrocephalus rubinus,-22.6079891,-47.8744698,2010-07-20
Pyrocephalus rubinus,-23.3313014,-44.9399614,2010-07-18
Pyrocephalus rubinus,-22.6079891,-47.8744698,2010-07-23
Pyrocephalus rubinus,-22.6079891,-47.8744698,2010-07-29
Pyrocephalus rubinus,-23.4813127,-46.5331882,2010-08-15
Pyrocephalus rubinus,-23.45,-45.0666667,2010-08-25
Pyrocephalus rubinus,-23.4257637,-45.0829983,2010-08-20
Pyrocephalus rubinus,-23.4409628,-45.071454,2010-09-04
Pyrocephalus rubinus,-23.4257637,-45.0829983,2010-09-01
Pyrocephalus rubinus,-23.4935554,-45.1715326,2010-09-24
Pyrocephalus rubinus,-23.5144134,-46.596837,2010-10-04
Pyrocephalus rubinus,-22.1153207,-51.3785075,2010-10-17
Pyrocephalus rubinus,-23.39938,-45.05881,2010-10-08
Pyrocephalus rubinus,-24.3139366,-46.9957352,2010-11-13
Pyrocephalus rubinus,-22.37532,-47.36851,2011-05-26
Pyrocephalus rubinus,-23.3606163,-44.8508692,2011-05-17
Pyrocephalus rubinus,-23.4919417,-46.5228939,2011-05-15
Pyrocephalus rubinus,-23.4409628,-45.071454,2011-05-31
Pyrocephalus rubinus,-23.191616,-45.902003,2011-06-20
Pyrocephalus rubinus,-23.39938,-45.05881,2011-06-24
Pyrocephalus rubinus,-23.4257637,-45.0829983,2011-06-26
Pyrocephalus rubinus,-23.39938,-45.05881,2011-06-26
Pyrocephalus rubinus,-24.3841958,-47.9290795,2011-06-26
Pyrocephalus rubinus,-22.4053656,-47.5246668,2011-07-08
Pyrocephalus rubinus,-22.4053656,-47.5246668,2011-07-08
Pyrocephalus rubinus,-24.7415307,-47.564621,2011-07-19
Pyrocephalus rubinus,-21.7934883,-48.1928788,2011-07-11
Pyrocephalus rubinus,-24.7415307,-47.564621,2011-07-20
Pyrocephalus rubinus,-22.37612,-47.36633,2011-08-18
Pyrocephalus rubinus,-22.396465,-47.5448098,2011-09-06
Pyrocephalus rubinus,-21.0613427,-49.5142252,2011-09-09
Pyrocephalus rubinus,-25.1079845,-47.930603,2011-10-25
Pyrocephalus rubinus,-25.1079845,-47.930603,2011-10-22
Pyrocephalus rubinus,-25.1079845,-47.930603,2011-10-22
Pyrocephalus rubinus,-25.1079845,-47.930603,2011-10-25
Pyrocephalus rubinus,-23.5725648,-48.0853357,2011-12-31
Pyrocephalus rubinus,-23.3353798,-44.8981833,2012-04-23
Pyrocephalus rubinus,-23.191616,-45.902003,2012-06-28
Pyrocephalus rubinus,-22.5158333,-47.6119444,2012-06-10
Pyrocephalus rubinus,-22.5158333,-47.6119444,2012-06-10
Pyrocephalus rubinus,-22.5158333,-47.6119444,2012-06-10
Pyrocephalus rubinus,-22.6079891,-47.8744698,2012-07-14
Pyrocephalus rubinus,-22.6079891,-47.8744698,2012-07-15
Pyrocephalus rubinus,-22.6079891,-47.8744698,2012-07-13
Pyrocephalus rubinus,-23.4257637,-45.0829983,2012-08-08
Pyrocephalus rubinus,-25.1079845,-47.930603,2012-09-15
Pyrocephalus rubinus,-23.4535461,-46.5390888,2012-12-25
Pyrocephalus rubinus,-22.7087789,-47.639873,2013-06-04
Pyrocephalus rubinus,-23.5191355,-46.6679156,2013-06-09
Pyrocephalus rubinus,-23.5191355,-46.6679156,2013-06-09
Pyrocephalus rubinus,-23.5719182,-48.0856106,2013-07-07
Pyrocephalus rubinus,-25.0233499,-47.904665,2013-07-09
Pyrocephalus rubinus,-23.191616,-45.902003,2013-08-17
Pyrocephalus rubinus,-24.16468,-48.40595,2013-09-07
Pyrocephalus rubinus,-24.3614499,-47.0328918,2013-10-01
Pyrocephalus rubinus,-25.0035146,-47.9232216,2013-11-10
Pyrocephalus rubinus,-23.4919417,-46.5228939,2014-04-18
Pyrocephalus rubinus,-23.4919417,-46.5228939,2014-05-12
Pyrocephalus rubinus,-23.9250716,-46.302352,2014-05-24
Pyrocephalus rubinus,-22.9408972,-45.5930471,2014-06-29
Pyrocephalus rubinus,-21.5290985,-46.6436148,2014-08-30
Pyrocephalus rubinus,-21.5290985,-46.6436148,2014-08-31
Pyrocephalus rubinus,-23.558745,-46.731859,2014-08-11
Pyrocephalus rubinus,-23.5653639,-46.545639,2014-11-15
Pyrocephalus rubinus,-23.456643,-45.0739143,2014-12-24
Pyrocephalus rubinus,-24.3614499,-47.0328918,2015-01-01
Pyrocephalus rubinus,-22.6936,-47.3817,2015-04-04
Pyrocephalus rubinus,-22.6936,-47.3817,2015-04-04
Pyrocephalus rubinus,-22.693316,-47.381564,2015-04-04
Pyrocephalus rubinus,-23.4919417,-46.5228939,2015-05-21
Pyrocephalus rubinus,-22.6701338,-48.011761,2015-05-30
Pyrocephalus rubinus,-22.6844575,-48.1150017,2015-05-09
Pyrocephalus rubinus,-22.3871,-49.7548,2015-05-30
Pyrocephalus rubinus,-21.9710466,-47.8880417,2015-05-09
Pyrocephalus rubinus,-23.6965662,-46.7169915,2015-05-09
Pyrocephalus rubinus,-22.6701338,-48.011761,2015-05-30
Pyrocephalus rubinus,-22.3871,-49.7548,2015-05-30
Pyrocephalus rubinus,-21.9757228,-47.9011846,2015-05-09
Pyrocephalus rubinus,-22.3935812,-47.5442042,2015-05-19
Pyrocephalus rubinus,-22.6932098,-47.3830408,2015-05-09
Pyrocephalus rubinus,-23.5576931,-45.2984548,2015-05-09
Pyrocephalus rubinus,-22.3935812,-47.5442042,2015-05-19
Pyrocephalus rubinus,-23.2657,-47.2991,2015-05-09
Pyrocephalus rubinus,-22.6936,-47.3817,2015-05-30
Pyrocephalus rubinus,-23.1543685,-46.8873525,2015-05-09
Pyrocephalus rubinus,-22.6701338,-48.011761,2015-06-06
Pyrocephalus rubinus,-23.9892534,-46.2417984,2015-06-25
Pyrocephalus rubinus,-24.0112657,-46.3031459,2015-06-28
Pyrocephalus rubinus,-23.3944444,-45.0713889,2015-06-20
Pyrocephalus rubinus,-23.3944444,-45.0713889,2015-06-20
Pyrocephalus rubinus,-22.6701338,-48.011761,2015-06-06
Pyrocephalus rubinus,-22.6701338,-48.011761,2015-06-06
Pyrocephalus rubinus,-23.3944444,-45.0713889,2015-06-20
Pyrocephalus rubinus,-23.3944444,-45.0713889,2015-06-20
Pyrocephalus rubinus,-22.6701338,-48.011761,2015-06-06
Pyrocephalus rubinus,-22.6701338,-48.011761,2015-06-06
Pyrocephalus rubinus,-23.3944444,-45.0713889,2015-06-20
Pyrocephalus rubinus,-23.3944444,-45.0713889,2015-06-20
Pyrocephalus rubinus,-22.6701338,-48.011761,2015-06-06
Pyrocephalus rubinus,-23.4303551,-45.0905342,2015-07-11
Pyrocephalus rubinus,-23.3944444,-45.0713889,2015-07-04
Pyrocephalus rubinus,-23.6895294,-45.4597735,2015-07-22
Pyrocephalus rubinus,-22.3376915,-47.5591707,2015-07-09
Pyrocephalus rubinus,-23.3944444,-45.0713889,2015-07-04
Pyrocephalus rubinus,-23.3944444,-45.0713889,2015-07-04
Pyrocephalus rubinus,-23.3944444,-45.0713889,2015-07-04
Pyrocephalus rubinus,-23.4303551,-45.0905342,2015-07-11
Pyrocephalus rubinus,-22.7811671,-47.5926876,2015-08-29
Pyrocephalus rubinus,-24.3639861,-47.0239305,2015-08-08
Pyrocephalus rubinus,-23.6895294,-45.4597735,2015-08-23
Pyrocephalus rubinus,-24.3639861,-47.0239305,2015-08-13
Pyrocephalus rubinus,-23.9295042,-46.4028382,2015-08-12
Pyrocephalus rubinus,-21.10912,-47.76639,2015-08-02
Pyrocephalus rubinus,-23.5245224,-46.1509402,2015-09-06
Pyrocephalus rubinus,-23.4405592,-45.0721729,2015-09-18
Pyrocephalus rubinus,-24.3639861,-47.0239305,2015-09-05
Pyrocephalus rubinus,-23.4405592,-45.0721729,2015-09-11
Pyrocephalus rubinus,-24.3639861,-47.0239305,2015-09-05
Pyrocephalus rubinus,-22.3935812,-47.5442042,2015-09-03
Pyrocephalus rubinus,-24.3639861,-47.0239305,2015-09-05
Pyrocephalus rubinus,-24.3128129,-47.0005846,2015-09-14
Pyrocephalus rubinus,-23.45,-45.0666667,2015-10-10
Pyrocephalus rubinus,-23.6895294,-45.4597735,2015-10-10
Pyrocephalus rubinus,-24.3639861,-47.0239305,2015-10-03
Pyrocephalus rubinus,-24.3706318,-47.0388007,2015-10-10
Pyrocephalus rubinus,-23.45,-45.0666667,2015-11-03
Pyrocephalus rubinus,-23.45,-45.0666667,2015-11-03
Pyrocephalus rubinus,-23.45,-45.0666667,2015-11-03
Pyrocephalus rubinus,-24.3128129,-47.0005846,2016-02-10
Pyrocephalus rubinus,-24.4373823,-47.0740557,2016-04-17
Pyrocephalus rubinus,-22.3296729,-47.545191,2016-04-30
Pyrocephalus rubinus,-22.3296729,-47.545191,2016-04-30
Pyrocephalus rubinus,-22.3902179,-49.7274148,2016-04-30
Pyrocephalus rubinus,-22.3296729,-47.545191,2016-04-30
Pyrocephalus rubinus,-22.3296729,-47.545191,2016-04-30
Pyrocephalus rubinus,-24.3884563,-47.0871878,2016-04-14
Pyrocephalus rubinus,-23.4011,-45.06293,2016-05-26
Pyrocephalus rubinus,-24.2682101,-48.4127569,2016-05-18
Pyrocephalus rubinus,-23.618536,-45.4226089,2016-05-14
Pyrocephalus rubinus,-23.4011,-45.06293,2016-05-26
Pyrocephalus rubinus,-23.9331523,-46.3040364,2016-05-07
Pyrocephalus rubinus,-21.984361,-47.8801255,2016-05-28
Pyrocephalus rubinus,-22.4374489,-47.5632101,2016-05-04
Pyrocephalus rubinus,-24.2682101,-48.4127569,2016-05-18
Pyrocephalus rubinus,-22.3935812,-47.5442042,2016-05-03
Pyrocephalus rubinus,-22.6936,-47.3817,2016-05-03
Pyrocephalus rubinus,-23.591992,-46.9280791,2016-05-01
Pyrocephalus rubinus,-22.300871,-47.572635,2016-05-28
Pyrocephalus rubinus,-24.3647289,-47.0230883,2016-05-14
Pyrocephalus rubinus,-23.4011,-45.06293,2016-05-26
Pyrocephalus rubinus,-23.6965662,-46.7169915,2016-05-14
Pyrocephalus rubinus,-24.2682101,-48.4127569,2016-05-18
Pyrocephalus rubinus,-22.4374489,-47.5632101,2016-05-14
Pyrocephalus rubinus,-24.3647289,-47.0230883,2016-05-14
Pyrocephalus rubinus,-23.45,-45.0666667,2016-05-14
Pyrocephalus rubinus,-22.300871,-47.572635,2016-05-28
Pyrocephalus rubinus,-24.2682101,-48.4127569,2016-05-18
Pyrocephalus rubinus,-22.4374489,-47.5632101,2016-05-01
Pyrocephalus rubinus,-24.2682101,-48.4127569,2016-05-18
Pyrocephalus rubinus,-24.2682101,-48.4127569,2016-05-18
Pyrocephalus rubinus,-24.3647289,-47.0230883,2016-05-14
Pyrocephalus rubinus,-21.7458678,-48.1738043,2016-05-14
Pyrocephalus rubinus,-22.3935812,-47.5442042,2016-06-03
Pyrocephalus rubinus,-24.3639861,-47.0239305,2016-06-23
Pyrocephalus rubinus,-22.4374489,-47.5632101,2016-06-25
Pyrocephalus rubinus,-22.3935812,-47.5442042,2016-06-03
Pyrocephalus rubinus,-23.9045067,-46.4280534,2016-07-28
Pyrocephalus rubinus,-22.42832,-47.63115,2016-07-03
Pyrocephalus rubinus,-24.3639861,-47.0239305,2016-07-23
Pyrocephalus rubinus,-22.3247821,-47.7957201,2016-07-17
Pyrocephalus rubinus,-22.42832,-47.63115,2016-07-03
Pyrocephalus rubinus,-23.9045067,-46.4280534,2016-07-29
Pyrocephalus rubinus,-24.3647289,-47.0230883,2016-07-03
Pyrocephalus rubinus,-22.42832,-47.63115,2016-07-03
Pyrocephalus rubinus,-24.3647289,-47.0230883,2016-07-03
Pyrocephalus rubinus,-24.3647289,-47.0230883,2016-07-02
Pyrocephalus rubinus,-24.3639861,-47.0239305,2016-07-23
Pyrocephalus rubinus,-22.42832,-47.63115,2016-07-03
Pyrocephalus rubinus,-24.3639861,-47.0239305,2016-07-23
Pyrocephalus rubinus,-24.3639861,-47.0239305,2016-07-23
Pyrocephalus rubinus,-24.3639861,-47.0239305,2016-07-23
Pyrocephalus rubinus,-23.2320002,-46.9316947,2016-07-09
Pyrocephalus rubinus,-24.3647289,-47.0230883,2016-07-02
Pyrocephalus rubinus,-24.3639861,-47.0239305,2016-07-23
Pyrocephalus rubinus,-22.42832,-47.63115,2016-07-03
Pyrocephalus rubinus,-22.4374489,-47.5632101,2016-08-28
Pyrocephalus rubinus,-22.3935812,-47.5442042,2016-08-28
Pyrocephalus rubinus,-24.3128129,-47.0005846,2016-08-13
Pyrocephalus rubinus,-23.1548,-46.8873,2016-08-26
Pyrocephalus rubinus,-23.1548,-46.8873,2016-08-14
Pyrocephalus rubinus,-22.3935812,-47.5442042,2016-08-26
Pyrocephalus rubinus,-23.4919417,-46.5228939,2016-09-22
Pyrocephalus rubinus,-22.7106692,-47.6328322,2016-09-03
Pyrocephalus rubinus,-23.1548,-46.8873,2016-09-23
Pyrocephalus rubinus,-23.7196481,-46.7165852,2016-09-17
Pyrocephalus rubinus,-22.3925386,-47.5464701,2016-09-11
Pyrocephalus rubinus,-22.7766557,-47.3609612,2016-09-20
Pyrocephalus rubinus,-22.4374489,-47.5632101,2016-09-04
Pyrocephalus rubinus,-24.062154,-47.417272,2016-09-09
Pyrocephalus rubinus,-23.1548,-46.8873,2016-09-02
Pyrocephalus rubinus,-24.3639861,-47.0239305,2016-09-04
Pyrocephalus rubinus,-24.1724402,-46.9371557,2016-10-15
Pyrocephalus rubinus,-24.1724402,-46.9371557,2016-10-08
Pyrocephalus rubinus,-23.45,-45.0666667,2016-10-22
Pyrocephalus rubinus,-24.8904049,-47.9286531,2016-10-18
Pyrocephalus rubinus,-25.1079845,-47.930603,2017-04-25
Pyrocephalus rubinus,-22.1849214,-47.64763,2017-04-23
Pyrocephalus rubinus,-22.6209793,-52.1727062,2017-04-22
Pyrocephalus rubinus,-24.0112657,-46.3031459,2017-04-16
Pyrocephalus rubinus,-24.7325889,-47.5328748,2017-04-14
Pyrocephalus rubinus,-24.3128129,-47.0005846,2017-04-23
Pyrocephalus rubinus,-22.1849214,-47.64763,2017-04-23
Pyrocephalus rubinus,-25.1079845,-47.930603,2017-04-26
Pyrocephalus rubinus,-24.7381384,-47.5486911,2017-04-09
Pyrocephalus rubinus,-24.7325889,-47.5328748,2017-04-14
Pyrocephalus rubinus,-22.1849214,-47.64763,2017-04-23
Pyrocephalus rubinus,-23.0870068,-48.3647627,2017-04-23
Pyrocephalus rubinus,-24.0301824,-47.3524609,2017-04-26
Pyrocephalus rubinus,-23.7196481,-46.7165852,2017-04-25
Pyrocephalus rubinus,-23.607727,-46.8466352,2017-04-30
Pyrocephalus rubinus,-21.4652904,-51.9191122,2017-05-13
Pyrocephalus rubinus,-24.1629663,-46.8250335,2017-05-04
Pyrocephalus rubinus,-24.3647289,-47.0230883,2017-05-22
Pyrocephalus rubinus,-22.6936,-47.3817,2017-05-01
Pyrocephalus rubinus,-22.3296729,-47.545191,2017-05-13
Pyrocephalus rubinus,-22.3296729,-47.545191,2017-05-13
Pyrocephalus rubinus,-22.3296729,-47.545191,2017-05-13
Pyrocephalus rubinus,-23.086736,-47.224146,2017-05-01
Pyrocephalus rubinus,-24.3647289,-47.0230883,2017-05-22
Pyrocephalus rubinus,-23.6965662,-46.7169915,2017-05-13
Pyrocephalus rubinus,-22.3296729,-47.545191,2017-05-13
Pyrocephalus rubinus,-22.8746053,-45.4353943,2017-05-07
Pyrocephalus rubinus,-22.1419965,-51.4203558,2017-05-13
Pyrocephalus rubinus,-24.3763781,-47.0188022,2017-05-22
Pyrocephalus rubinus,-22.3296729,-47.545191,2017-05-13
Pyrocephalus rubinus,-24.3647289,-47.0230883,2017-05-22
Pyrocephalus rubinus,-22.718558,-47.2504506,2017-06-18
Pyrocephalus rubinus,-23.591871,-46.262038,2017-06-15
Pyrocephalus rubinus,-24.2834424,-47.454474,2017-06-21
Pyrocephalus rubinus,-24.3639861,-47.0239305,2017-06-25
Pyrocephalus rubinus,-24.36408,-47.021559,2017-06-14
Pyrocephalus rubinus,-22.6701338,-48.011761,2017-06-19
Pyrocephalus rubinus,-22.3935812,-47.5442042,2017-06-22
Pyrocephalus rubinus,-23.0453372,-48.3638395,2017-06-16
Pyrocephalus rubinus,-23.591881,-46.262034,2017-06-15
Pyrocephalus rubinus,-24.36408,-47.021559,2017-06-14
Pyrocephalus rubinus,-22.3935812,-47.5442042,2017-06-22
Pyrocephalus rubinus,-24.3128129,-47.0005846,2017-06-16
Pyrocephalus rubinus,-24.3639861,-47.0239305,2017-07-24
Pyrocephalus rubinus,-22.6701338,-48.011761,2017-07-03
Pyrocephalus rubinus,-23.1548,-46.8873,2017-07-28
Pyrocephalus rubinus,-22.6701338,-48.011761,2017-08-27
Pyrocephalus rubinus,-23.5170975,-46.1857583,2017-08-03
Pyrocephalus rubinus,-22.2638344,-47.5408888,2017-08-27
Pyrocephalus rubinus,-21.7824558,-48.1606293,2017-08-11
Pyrocephalus rubinus,-22.8741016,-45.4360878,2017-08-07
Pyrocephalus rubinus,-23.0324599,-47.1946136,2017-08-10
Pyrocephalus rubinus,-22.3935812,-47.5442042,2017-08-28
Pyrocephalus rubinus,-22.9032969,-45.4157639,2017-08-14
Pyrocephalus rubinus,-22.9032969,-45.4157639,2017-08-27
Pyrocephalus rubinus,-23.4514357,-46.4908791,2017-08-05
Pyrocephalus rubinus,-22.2638344,-47.5408888,2017-08-27
Pyrocephalus rubinus,-22.2638344,-47.5408888,2017-08-27
Pyrocephalus rubinus,-22.3935812,-47.5442042,2017-08-28
Pyrocephalus rubinus,-22.8741016,-45.4360878,2017-08-07
Pyrocephalus rubinus,-22.2638344,-47.5408888,2017-08-27
Pyrocephalus rubinus,-22.3935812,-47.5442042,2017-09-02
Pyrocephalus rubinus,-24.239637,-46.9108557,2017-09-06
Pyrocephalus rubinus,-22.2983333,-47.5719444,2017-09-18
Pyrocephalus rubinus,-21.1320776,-48.0413759,2017-09-09
Pyrocephalus rubinus,-23.5187306,-46.1540744,2017-09-07
Pyrocephalus rubinus,-23.5861978,-46.6591035,2017-09-04
Pyrocephalus rubinus,-24.3647289,-47.0230883,2017-09-22
Pyrocephalus rubinus,-22.3935812,-47.5442042,2017-09-02
Pyrocephalus rubinus,-24.3647289,-47.0230883,2017-09-22
Pyrocephalus rubinus,-23.799497,-46.0151822,2017-09-08
Pyrocephalus rubinus,-21.2257767,-51.4944273,2017-10-28
Pyrocephalus rubinus,-24.2676324,-48.4092618,2018-01-30
Pyrocephalus rubinus,-23.274884,-47.931732,2018-03-08
Pyrocephalus rubinus,-22.2481597,-48.7751921,2018-03-24
Pyrocephalus rubinus,-22.6209793,-52.1727062,2018-04-25
Pyrocephalus rubinus,-21.2231014,-48.3753562,2018-04-07
Pyrocephalus rubinus,-23.7196481,-46.7165852,2018-04-22
Pyrocephalus rubinus,-23.5861978,-46.6591035,2018-04-23
Pyrocephalus rubinus,-24.3639861,-47.0239305,2018-04-10
Pyrocephalus rubinus,-24.3639861,-47.0239305,2018-04-10
Pyrocephalus rubinus,-23.3141088,-47.6837067,2018-04-15
Pyrocephalus rubinus,-24.3639861,-47.0239305,2018-04-10
Pyrocephalus rubinus,-22.6209793,-52.1727062,2018-04-14
Pyrocephalus rubinus,-22.2105999,-47.6329798,2018-05-05
Pyrocephalus rubinus,-24.3639861,-47.0239305,2018-05-05
Pyrocephalus rubinus,-22.5283086,-52.1813059,2018-05-05
Pyrocephalus rubinus,-23.4711026,-47.4462799,2018-05-05
Pyrocephalus rubinus,-22.42832,-47.63115,2018-05-05
Pyrocephalus rubinus,-22.2105999,-47.6329798,2018-05-05
Pyrocephalus rubinus,-22.2105999,-47.6329798,2018-05-05
Pyrocephalus rubinus,-21.2361624,-48.3441353,2018-05-23
Pyrocephalus rubinus,-22.3935812,-47.5442042,2018-05-10
Pyrocephalus rubinus,-21.2361624,-48.3441353,2018-05-05
Pyrocephalus rubinus,-22.42832,-47.63115,2018-05-05
Pyrocephalus rubinus,-22.2105999,-47.6329798,2018-05-05
Pyrocephalus rubinus,-22.209423,-49.645269,2018-05-20
Pyrocephalus rubinus,-22.42832,-47.63115,2018-05-05
Pyrocephalus rubinus,-22.42832,-47.63115,2018-05-05
Pyrocephalus rubinus,-22.42832,-47.63115,2018-05-05
Pyrocephalus rubinus,-22.2105999,-47.6329798,2018-05-05
Pyrocephalus rubinus,-22.2105999,-47.6329798,2018-05-05
Pyrocephalus rubinus,-22.42832,-47.63115,2018-05-05
Pyrocephalus rubinus,-22.9106687,-45.4641365,2018-05-09
Pyrocephalus rubinus,-23.1548,-46.8873,2018-05-06
Pyrocephalus rubinus,-22.3935812,-47.5442042,2018-05-08
Pyrocephalus rubinus,-22.1229332,-48.3233356,2018-05-24
Pyrocephalus rubinus,-20.8205489,-49.3453074,2018-05-05
Pyrocephalus rubinus,-24.2648343,-48.4128007,2018-05-14
Pyrocephalus rubinus,-22.42832,-47.63115,2018-05-05
Pyrocephalus rubinus,-22.2105999,-47.6329798,2018-05-05
Pyrocephalus rubinus,-24.3639861,-47.0239305,2018-05-05
Pyrocephalus rubinus,-22.88395,-45.39658,2018-05-27
Pyrocephalus rubinus,-22.903761,-45.4131014,2018-05-06
Pyrocephalus rubinus,-21.2361624,-48.3441353,2018-05-09
Pyrocephalus rubinus,-22.1229332,-48.3233356,2018-05-24
Pyrocephalus rubinus,-22.2105999,-47.6329798,2018-05-05
Pyrocephalus rubinus,-24.3639861,-47.0239305,2018-05-05
Pyrocephalus rubinus,-22.3935812,-47.5442042,2018-05-10
Pyrocephalus rubinus,-22.42832,-47.63115,2018-05-05
Pyrocephalus rubinus,-22.2105999,-47.6329798,2018-05-05
Pyrocephalus rubinus,-22.42832,-47.63115,2018-05-05
Pyrocephalus rubinus,-24.3639861,-47.0239305,2018-06-02
Pyrocephalus rubinus,-23.1548,-46.8873,2018-06-11
Pyrocephalus rubinus,-24.3639861,-47.0239305,2018-06-02
Pyrocephalus rubinus,-24.0091229,-46.3006783,2018-06-17
Pyrocephalus rubinus,-22.3935812,-47.5442042,2018-06-19
Pyrocephalus rubinus,-22.3935812,-47.5442042,2018-06-19
Pyrocephalus rubinus,-21.2334268,-48.1579168,2018-06-21
Pyrocephalus rubinus,-21.2361624,-48.3441353,2018-06-07
Pyrocephalus rubinus,-24.3639861,-47.0239305,2018-06-02
Pyrocephalus rubinus,-21.2444444,-48.2958333,2018-06-11
Pyrocephalus rubinus,-22.236169,-49.638366,2018-06-29
Pyrocephalus rubinus,-23.1548,-46.8873,2018-06-01
Pyrocephalus rubinus,-24.1350288,-46.6944222,2018-07-27
Pyrocephalus rubinus,-21.2444444,-48.2958333,2018-07-18
Pyrocephalus rubinus,-24.1350288,-46.6944222,2018-07-27
Pyrocephalus rubinus,-22.3935812,-47.5442042,2018-07-28
Pyrocephalus rubinus,-21.1109243,-48.3587624,2018-07-17
Pyrocephalus rubinus,-22.235171,-49.636557,2018-07-13
Pyrocephalus rubinus,-24.1350288,-46.6944222,2018-07-27
Pyrocephalus rubinus,-21.2444444,-48.2958333,2018-07-11
Pyrocephalus rubinus,-22.235171,-49.636557,2018-07-14
Pyrocephalus rubinus,-22.7469622,-48.5610123,2018-07-21
Pyrocephalus rubinus,-23.580856,-46.254868,2018-07-24
Pyrocephalus rubinus,-21.2444444,-48.2958333,2018-07-21
Pyrocephalus rubinus,-22.3294626,-46.9465958,2018-07-14
Pyrocephalus rubinus,-24.2531332,-46.9525023,2018-07-23
Pyrocephalus rubinus,-22.3935812,-47.5442042,2018-07-28
Pyrocephalus rubinus,-22.3935812,-47.5442042,2018-07-28
Pyrocephalus rubinus,-24.1373267,-46.7031794,2018-07-27
Pyrocephalus rubinus,-24.1350288,-46.6944222,2018-07-27
Pyrocephalus rubinus,-21.6610695,-46.7356242,2018-07-13
Pyrocephalus rubinus,-21.2444444,-48.2958333,2018-07-03
Pyrocephalus rubinus,-23.5945286,-46.2613356,2018-07-04
Pyrocephalus rubinus,-21.2444444,-48.2958333,2018-08-27
Pyrocephalus rubinus,-21.1216546,-48.1927729,2018-08-19
Pyrocephalus rubinus,-21.2361624,-48.3441353,2018-08-15
Pyrocephalus rubinus,-21.2361624,-48.3441353,2018-08-16
Pyrocephalus rubinus,-23.564871,-46.928157,2018-08-10
Pyrocephalus rubinus,-23.1548,-46.8873,2018-08-21
Pyrocephalus rubinus,-23.9867623,-46.227057,2018-08-07
Pyrocephalus rubinus,-22.2954956,-48.133897,2018-08-20
Pyrocephalus rubinus,-21.2361624,-48.3441353,2018-08-31
Pyrocephalus rubinus,-23.1548,-46.8873,2018-08-23
Pyrocephalus rubinus,-21.2361624,-48.3441353,2018-08-25
Pyrocephalus rubinus,-22.7811671,-47.5926876,2018-08-30
Pyrocephalus rubinus,-22.42832,-47.63115,2018-08-27
Pyrocephalus rubinus,-21.1216546,-48.1927729,2018-08-19
Pyrocephalus rubinus,-21.2361624,-48.3441353,2018-08-20
Pyrocephalus rubinus,-24.3128129,-47.0005846,2018-08-07
Pyrocephalus rubinus,-22.3935812,-47.5442042,2018-08-09
Pyrocephalus rubinus,-24.791102,-47.917968,2018-09-08
Pyrocephalus rubinus,-23.8044121,-46.0892072,2018-09-22
Pyrocephalus rubinus,-23.6762653,-46.5299749,2018-09-19
Pyrocephalus rubinus,-23.5245224,-46.1509402,2018-09-22
Pyrocephalus rubinus,-22.251367,-49.967965,2018-09-06
Pyrocephalus rubinus,-23.6762653,-46.5299749,2018-09-19
Pyrocephalus rubinus,-22.251367,-49.967965,2018-09-06
Pyrocephalus rubinus,-23.5245224,-46.1509402,2018-09-20
Pyrocephalus rubinus,-20.8417293,-49.2963944,2018-09-28
Pyrocephalus rubinus,-23.6762653,-46.5299749,2018-09-22
Pyrocephalus rubinus,-24.3639861,-47.0239305,2018-09-14
Pyrocephalus rubinus,-20.8417293,-49.2963944,2018-09-28
Pyrocephalus rubinus,-23.6762653,-46.5299749,2018-09-19
Pyrocephalus rubinus,-22.3935812,-47.5442042,2018-09-11
Pyrocephalus rubinus,-23.5587667,-45.2769635,2018-09-16
Pyrocephalus rubinus,-22.249253,-49.956093,2018-09-04
Pyrocephalus rubinus,-24.3786258,-47.0203471,2018-09-14
Pyrocephalus rubinus,-22.251367,-49.967965,2018-09-03
Pyrocephalus rubinus,-22.251367,-49.967965,2018-09-03
Pyrocephalus rubinus,-23.6762653,-46.5299749,2018-09-18
Pyrocephalus rubinus,-22.3935812,-47.5442042,2018-09-16
Pyrocephalus rubinus,-22.4134592,-47.7085073,2018-09-08
Pyrocephalus rubinus,-22.3935812,-47.5442042,2018-09-11
Pyrocephalus rubinus,-20.8417293,-49.2963944,2018-09-28
Pyrocephalus rubinus,-23.5245224,-46.1509402,2018-09-20
Pyrocephalus rubinus,-21.969865,-46.743736,2018-09-29
Pyrocephalus rubinus,-23.6670733,-46.8280005,2018-09-03
Pyrocephalus rubinus,-24.0932784,-46.6211052,2018-09-09
Pyrocephalus rubinus,-24.3639861,-47.0239305,2018-09-14
Pyrocephalus rubinus,-23.1548,-46.8873,2018-09-12
Pyrocephalus rubinus,-24.5346103,-48.7005111,2018-09-22
Pyrocephalus rubinus,-20.8417293,-49.2963944,2018-09-28
Pyrocephalus rubinus,-24.3639861,-47.0239305,2018-09-14
Pyrocephalus rubinus,-22.249253,-49.956093,2018-09-04
Pyrocephalus rubinus,-23.8044121,-46.0892072,2018-09-22
Pyrocephalus rubinus,-24.791102,-47.917968,2018-09-08
Pyrocephalus rubinus,-24.791102,-47.917968,2018-09-08
Pyrocephalus rubinus,-24.0462238,-47.9808351,2018-10-06
Pyrocephalus rubinus,-23.626547,-46.183398,2018-10-14
Pyrocephalus rubinus,-24.3128129,-47.0005846,2018-10-06
Pyrocephalus rubinus,-24.0496241,-47.9862428,2018-10-06
Pyrocephalus rubinus,-22.3935812,-47.5442042,2018-10-04
Pyrocephalus rubinus,-22.3935812,-47.5442042,2018-10-04
Pyrocephalus rubinus,-24.3128129,-47.0005846,2018-10-27
Pyrocephalus rubinus,-23.780231,-45.971285,2018-10-20
Pyrocephalus rubinus,-22.3935812,-47.5442042,2018-10-04
Pyrocephalus rubinus,-22.3935812,-47.5442042,2018-10-04
Pyrocephalus rubinus,-22.3935812,-47.5442042,2018-10-04
Pyrocephalus rubinus,-23.780231,-45.971285,2018-10-20
Pyrocephalus rubinus,-22.3935812,-47.5442042,2018-10-04
Pyrocephalus rubinus,-23.780231,-45.971285,2018-10-20
Pyrocephalus rubinus,-24.3128129,-47.0005846,2018-11-10
Pyrocephalus rubinus,-23.04155,-47.1631208,2019-04-13
Pyrocephalus rubinus,-25.0139156,-47.9268027,2019-04-25
Pyrocephalus rubinus,-23.04155,-47.1631208,2019-04-13
Pyrocephalus rubinus,-25.0206217,-47.9371304,2019-04-24
Pyrocephalus rubinus,-23.5357796,-45.8489513,2019-04-19
Pyrocephalus rubinus,-22.8188645,-47.0650511,2019-04-30
Pyrocephalus rubinus,-22.1229332,-48.3233356,2019-04-12
Pyrocephalus rubinus,-23.5357796,-45.8489513,2019-04-19
Pyrocephalus rubinus,-23.5357796,-45.8489513,2019-04-19
Pyrocephalus rubinus,-23.6762653,-46.5299749,2019-04-30
Pyrocephalus rubinus,-25.0139156,-47.9268027,2019-04-25
Pyrocephalus rubinus,-22.6209793,-52.1727062,2019-04-11
Pyrocephalus rubinus,-22.259964,-47.5658328,2019-04-21
Pyrocephalus rubinus,-23.6965662,-46.7169915,2019-05-04
Pyrocephalus rubinus,-22.42832,-47.63115,2019-05-12
Pyrocephalus rubinus,-23.5245224,-46.1509402,2019-05-16
Pyrocephalus rubinus,-23.5147219,-47.4431884,2019-05-06
Pyrocephalus rubinus,-22.6936,-47.3817,2019-05-23
Pyrocephalus rubinus,-22.3935812,-47.5442042,2019-05-15
Pyrocephalus rubinus,-24.0870055,-46.6232193,2019-05-26
Pyrocephalus rubinus,-22.7087789,-47.639873,2019-05-04
Pyrocephalus rubinus,-22.1560563,-51.1876389,2019-05-18
Pyrocephalus rubinus,-22.42832,-47.63115,2019-05-12
Pyrocephalus rubinus,-24.3639861,-47.0239305,2019-05-07
Pyrocephalus rubinus,-22.42832,-47.63115,2019-05-12
Pyrocephalus rubinus,-24.0723587,-46.5748046,2019-05-23
Pyrocephalus rubinus,-24.4373823,-47.0740557,2019-05-02
Pyrocephalus rubinus,-23.5148713,-47.4430505,2019-05-06
Pyrocephalus rubinus,-24.175213,-46.7756616,2019-05-04
Pyrocephalus rubinus,-23.6762653,-46.5299749,2019-05-10
Pyrocephalus rubinus,-23.5245224,-46.1509402,2019-05-16
Pyrocephalus rubinus,-22.7811671,-47.5926876,2019-05-29
Pyrocephalus rubinus,-24.3639861,-47.0239305,2019-05-15
Pyrocephalus rubinus,-23.1548,-46.8873,2019-05-04
Pyrocephalus rubinus,-22.42832,-47.63115,2019-05-12
Pyrocephalus rubinus,-22.42832,-47.63115,2019-05-12
Pyrocephalus rubinus,-23.5245224,-46.1509402,2019-05-16
Pyrocephalus rubinus,-23.5245224,-46.1509402,2019-05-16
Pyrocephalus rubinus,-24.0870055,-46.6232193,2019-05-26
Pyrocephalus rubinus,-23.1548,-46.8873,2019-05-04
Pyrocephalus rubinus,-22.1469388,-51.1899964,2019-05-21
Pyrocephalus rubinus,-23.1548,-46.8873,2019-05-04
Pyrocephalus rubinus,-22.42832,-47.63115,2019-05-12
Pyrocephalus rubinus,-23.7196481,-46.7165852,2019-05-10
Pyrocephalus rubinus,-23.4869136,-46.8329948,2019-05-03
Pyrocephalus rubinus,-24.3639861,-47.0239305,2019-05-07
Pyrocephalus rubinus,-23.1978052,-47.332921,2019-05-04
Pyrocephalus rubinus,-22.102781,-51.442959,2019-05-01
Pyrocephalus rubinus,-24.3639861,-47.0239305,2019-05-08
Pyrocephalus rubinus,-23.7915886,-45.5700016,2019-06-02
Pyrocephalus rubinus,-25.02067,-47.9371083,2019-06-05
Pyrocephalus rubinus,-22.7267793,-47.6607567,2019-06-22
Pyrocephalus rubinus,-23.1297828,-45.8741692,2019-06-30
Pyrocephalus rubinus,-23.086736,-47.224146,2019-06-20
Pyrocephalus rubinus,-23.8051162,-45.3978645,2019-06-03
Pyrocephalus rubinus,-23.9876053,-46.4051664,2019-06-01
Pyrocephalus rubinus,-21.571267,-47.974642,2019-06-30
Pyrocephalus rubinus,-22.9304527,-45.5728447,2019-06-12
Pyrocephalus rubinus,-25.027319,-47.8882062,2019-06-29
Pyrocephalus rubinus,-22.1100832,-51.1877687,2019-06-02
Pyrocephalus rubinus,-23.9876053,-46.4051664,2019-06-01
Pyrocephalus rubinus,-23.9876053,-46.4051664,2019-06-01
Pyrocephalus rubinus,-22.426561,-49.104243,2019-06-23
Pyrocephalus rubinus,-24.01013,-46.297467,2019-06-08
Pyrocephalus rubinus,-23.146843,-46.880225,2019-06-25
Pyrocephalus rubinus,-23.7196481,-46.7165852,2019-06-19
Pyrocephalus rubinus,-23.7196481,-46.7165852,2019-06-08
Pyrocephalus rubinus,-25.02067,-47.9371083,2019-06-05
Pyrocephalus rubinus,-22.6844575,-48.1150017,2019-06-25
Pyrocephalus rubinus,-23.9876053,-46.4051664,2019-06-01
Pyrocephalus rubinus,-21.2361624,-48.3441353,2019-06-28
Pyrocephalus rubinus,-22.1100832,-51.1877687,2019-06-23
Pyrocephalus rubinus,-22.426561,-49.104243,2019-06-22
Pyrocephalus rubinus,-21.2334268,-48.1579168,2019-06-29
Pyrocephalus rubinus,-25.02067,-47.9371083,2019-07-09
Pyrocephalus rubinus,-23.9704604,-46.3416614,2019-07-21
Pyrocephalus rubinus,-23.1978052,-47.332921,2019-07-21
Pyrocephalus rubinus,-23.042398,-46.653704,2019-07-03
Pyrocephalus rubinus,-23.45,-45.0666667,2019-07-16
Pyrocephalus rubinus,-24.552391,-48.681157,2019-07-09
Pyrocephalus rubinus,-25.23035,-48.020085,2019-07-09
Pyrocephalus rubinus,-25.0303416,-47.9692912,2019-07-10
Pyrocephalus rubinus,-22.374334,-49.721801,2019-07-20
Pyrocephalus rubinus,-22.5563181,-52.281189,2019-07-09
Pyrocephalus rubinus,-23.7196481,-46.7165852,2019-07-29
Pyrocephalus rubinus,-22.6209793,-52.1727062,2019-07-28
Pyrocephalus rubinus,-22.5563181,-52.281189,2019-07-09
Pyrocephalus rubinus,-23.7196481,-46.7165852,2019-07-08
Pyrocephalus rubinus,-23.042398,-46.653704,2019-07-03
Pyrocephalus rubinus,-23.1978052,-47.332921,2019-07-27
Pyrocephalus rubinus,-25.2588669,-48.047308,2019-07-09
Pyrocephalus rubinus,-23.45,-45.0666667,2019-07-16
Pyrocephalus rubinus,-24.3128129,-47.0005846,2019-07-10
Pyrocephalus rubinus,-23.6976985,-49.4317472,2019-07-25
Pyrocephalus rubinus,-23.1978052,-47.332921,2019-07-27
Pyrocephalus rubinus,-23.6976985,-49.4317472,2019-07-21
Pyrocephalus rubinus,-22.238092,-49.871721,2019-07-18
Pyrocephalus rubinus,-23.1978052,-47.332921,2019-07-27
Pyrocephalus rubinus,-23.4869136,-46.8329948,2019-07-29
Pyrocephalus rubinus,-21.1216546,-48.1927729,2019-07-09
Pyrocephalus rubinus,-22.5181493,-52.3226589,2019-07-27
Pyrocephalus rubinus,-22.1469388,-51.1899964,2019-07-06
Pyrocephalus rubinus,-21.8126583,-48.0933333,2019-07-28
Pyrocephalus rubinus,-22.5563181,-52.281189,2019-07-09
Pyrocephalus rubinus,-23.418005,-45.038221,2019-07-16
Pyrocephalus rubinus,-21.1216546,-48.1927729,2019-07-09
Pyrocephalus rubinus,-23.45,-45.0666667,2019-07-16
Pyrocephalus rubinus,-24.1350288,-46.6944222,2019-07-08
Pyrocephalus rubinus,-21.2444444,-48.2958333,2019-07-08
Pyrocephalus rubinus,-23.1014442,-48.2610083,2019-08-18
Pyrocephalus rubinus,-23.7890628,-48.5793047,2019-08-22
Pyrocephalus rubinus,-24.3639861,-47.0239305,2019-08-17
Pyrocephalus rubinus,-23.9625436,-47.9373449,2019-08-31
Pyrocephalus rubinus,-23.4869136,-46.8329948,2019-08-07
Pyrocephalus rubinus,-22.7267793,-47.6607567,2019-08-08
Pyrocephalus rubinus,-21.8145327,-48.1998692,2019-08-15
Pyrocephalus rubinus,-23.8778761,-47.9862316,2019-08-24
Pyrocephalus rubinus,-22.5641869,-48.8187645,2019-08-27
Pyrocephalus rubinus,-23.4869136,-46.8329948,2019-08-16
Pyrocephalus rubinus,-23.1548,-46.8873,2019-08-24
Pyrocephalus rubinus,-22.7267793,-47.6607567,2019-08-13
Pyrocephalus rubinus,-22.9407924,-48.4580169,2019-08-24
Pyrocephalus rubinus,-23.5587667,-45.2769635,2019-08-18
Pyrocephalus rubinus,-22.7267793,-47.6607567,2019-08-07
Pyrocephalus rubinus,-23.8778761,-47.9862316,2019-08-24
Pyrocephalus rubinus,-23.1548,-46.8873,2019-08-24
Pyrocephalus rubinus,-22.9407924,-48.4580169,2019-08-24
Pyrocephalus rubinus,-23.8778761,-47.9862316,2019-08-24
Pyrocephalus rubinus,-23.1548669,-45.8872761,2019-08-31
Pyrocephalus rubinus,-22.8919275,-45.4429467,2019-08-02
Pyrocephalus rubinus,-23.7196481,-46.7165852,2019-08-29
Pyrocephalus rubinus,-23.1548,-46.8873,2019-08-24
Pyrocephalus rubinus,-24.3639861,-47.0239305,2019-08-24
Pyrocephalus rubinus,-22.2565785,-47.5869014,2019-08-31
Pyrocephalus rubinus,-23.4869136,-46.8329948,2019-08-09
Pyrocephalus rubinus,-23.8771084,-47.9877274,2019-08-10
Pyrocephalus rubinus,-23.8778761,-47.9862316,2019-08-24
Pyrocephalus rubinus,-21.2140268,-47.8187036,2019-08-19
Pyrocephalus rubinus,-21.8145327,-48.1998692,2019-08-29
Pyrocephalus rubinus,-23.8066423,-48.01942,2019-08-15
Pyrocephalus rubinus,-24.3639861,-47.0239305,2019-08-14
Pyrocephalus rubinus,-24.1350288,-46.6944222,2019-08-25
Pyrocephalus rubinus,-23.0333781,-47.201823,2019-08-25
Pyrocephalus rubinus,-23.1548,-46.8873,2019-08-24
Pyrocephalus rubinus,-23.1548,-46.8873,2019-08-24
Pyrocephalus rubinus,-23.8771084,-47.9877274,2019-08-04
Pyrocephalus rubinus,-21.8145327,-48.1998692,2019-08-16
Pyrocephalus rubinus,-22.7267793,-47.6607567,2019-08-21
Pyrocephalus rubinus,-22.9632142,-46.5247983,2019-08-16
Pyrocephalus rubinus,-22.7267793,-47.6607567,2019-08-08
Pyrocephalus rubinus,-24.3128129,-47.0005846,2019-08-23
Pyrocephalus rubinus,-21.8145327,-48.1998692,2019-08-31
Pyrocephalus rubinus,-22.9750359,-46.5342316,2019-08-22
Pyrocephalus rubinus,-23.9625436,-47.9373449,2019-08-31
Pyrocephalus rubinus,-24.1350288,-46.6944222,2019-08-25
Pyrocephalus rubinus,-22.6209793,-52.1727062,2019-09-08
Pyrocephalus rubinus,-24.3770369,-47.0173565,2019-09-17
Pyrocephalus rubinus,-22.9750359,-46.5342316,2019-09-02
Pyrocephalus rubinus,-22.3935812,-47.5442042,2019-09-28
Pyrocephalus rubinus,-24.295515,-47.0312476,2019-09-28
Pyrocephalus rubinus,-22.102781,-51.442959,2019-09-21
Pyrocephalus rubinus,-22.3935812,-47.5442042,2019-09-21
Pyrocephalus rubinus,-22.3935812,-47.5442042,2019-09-28
Pyrocephalus rubinus,-22.7267793,-47.6607567,2019-09-05
Pyrocephalus rubinus,-22.5343293,-52.1807887,2019-09-26
Pyrocephalus rubinus,-24.3639861,-47.0239305,2019-09-01
Pyrocephalus rubinus,-22.901759,-49.952418,2019-09-10
Pyrocephalus rubinus,-24.1350288,-46.6944222,2019-09-15
Pyrocephalus rubinus,-22.3935812,-47.5442042,2019-09-28
Pyrocephalus rubinus,-21.9863781,-47.8815937,2019-09-30
Pyrocephalus rubinus,-21.9642359,-46.7849826,2019-09-07
Pyrocephalus rubinus,-22.7267793,-47.6607567,2019-09-03
Pyrocephalus rubinus,-23.9876053,-46.4051664,2019-09-21
Pyrocephalus rubinus,-24.3639861,-47.0239305,2019-09-25
Pyrocephalus rubinus,-22.884773,-45.389923,2019-09-10
Pyrocephalus rubinus,-21.2510849,-48.3069676,2019-09-14
Pyrocephalus rubinus,-23.9876053,-46.4051664,2019-09-21
Pyrocephalus rubinus,-24.3655973,-47.0203385,2019-09-03
Pyrocephalus rubinus,-24.295515,-47.0312476,2019-09-28
Pyrocephalus rubinus,-22.9592034,-45.577029,2019-09-10
Pyrocephalus rubinus,-21.9863781,-47.8815937,2019-09-30
Pyrocephalus rubinus,-22.3935812,-47.5442042,2019-09-28
Pyrocephalus rubinus,-24.3655973,-47.0203385,2019-09-05
Pyrocephalus rubinus,-22.3935812,-47.5442042,2019-09-28
Pyrocephalus rubinus,-22.569262,-45.225358,2019-10-06
Pyrocephalus rubinus,-23.5861978,-46.6591035,2019-10-26
Pyrocephalus rubinus,-24.976477,-47.900919,2019-10-13
Pyrocephalus rubinus,-22.3935812,-47.5442042,2019-10-04
Pyrocephalus rubinus,-22.569262,-45.225358,2019-10-06
Pyrocephalus rubinus,-20.5538727,-48.5704403,2019-10-06
Pyrocephalus rubinus,-23.4037104,-45.0130725,2019-10-06
Pyrocephalus rubinus,-22.388311,-47.56857,2019-10-09
Pyrocephalus rubinus,-23.5526996,-46.6705688,2019-10-11
Pyrocephalus rubinus,-22.388311,-47.56857,2019-10-09
Pyrocephalus rubinus,-23.5526996,-46.6705688,2019-10-10
Pyrocephalus rubinus,-24.1727992,-46.7641849,2019-10-19
Pyrocephalus rubinus,-23.766965,-46.0069656,2019-10-06
Pyrocephalus rubinus,-24.976477,-47.900919,2019-10-13
Pyrocephalus rubinus,-24.214555,-46.9179399,2019-10-03
Pyrocephalus rubinus,-23.7759719,-46.0765065,2019-10-06
Pyrocephalus rubinus,-23.769243,-45.9761953,2019-10-07
Pyrocephalus rubinus,-22.6701338,-48.011761,2019-10-14
Pyrocephalus rubinus,-23.766965,-46.0069656,2019-10-06
Pyrocephalus rubinus,-20.5538727,-48.5704403,2019-10-06
Pyrocephalus rubinus,-23.7196481,-46.7165852,2019-10-13
Pyrocephalus rubinus,-23.766965,-46.0069656,2019-10-06
Pyrocephalus rubinus,-22.569262,-45.225358,2019-10-06
Pyrocephalus rubinus,-24.976477,-47.900919,2019-10-13
Pyrocephalus rubinus,-23.766965,-46.0069656,2019-10-06
Pyrocephalus rubinus,-23.4037104,-45.0130725,2019-10-06
Pyrocephalus rubinus,-25.1079845,-47.930603,2019-11-18
Pyrocephalus rubinus,-22.6560251,-48.0543083,2020-01-30
Pyrocephalus rubinus,-22.361207,-47.523333,2020-02-04
Pyrocephalus rubinus,-24.2763591,-47.0465315,2020-02-12
Pyrocephalus rubinus,-23.9625723,-46.3325723,2020-03-20
Pyrocephalus rubinus,-24.214555,-46.9179399,2020-03-07
Pyrocephalus rubinus,-22.02439,-47.413967,2020-04-26
Pyrocephalus rubinus,-21.1252903,-48.28306,2020-04-29
Pyrocephalus rubinus,-23.7970101,-48.5853803,2020-04-27
Pyrocephalus rubinus,-23.7861066,-48.5881208,2020-04-17
Pyrocephalus rubinus,-23.7880863,-48.5923432,2020-04-20
Pyrocephalus rubinus,-24.2196867,-46.8635192,2020-04-22
Pyrocephalus rubinus,-22.3973425,-47.5812517,2020-04-27
Pyrocephalus rubinus,-23.7630126,-45.7279402,2020-04-04
Pyrocephalus rubinus,-21.1216546,-48.1927729,2020-04-29
Pyrocephalus rubinus,-22.5849336,-44.695429,2020-04-05
Pyrocephalus rubinus,-24.3128129,-47.0005846,2020-04-26
Pyrocephalus rubinus,-24.1811767,-46.7840978,2020-04-23
Pyrocephalus rubinus,-23.7861066,-48.5881208,2020-04-17
Pyrocephalus rubinus,-23.7932038,-48.597365,2020-04-19
Pyrocephalus rubinus,-23.7861066,-48.5881208,2020-04-21
Pyrocephalus rubinus,-23.7932038,-48.597365,2020-04-22
Pyrocephalus rubinus,-24.1811767,-46.7840978,2020-04-23
Pyrocephalus rubinus,-22.3641457,-47.3559022,2020-04-19
Pyrocephalus rubinus,-23.7970101,-48.5853803,2020-04-29
Pyrocephalus rubinus,-22.2954956,-48.133897,2020-04-21
Pyrocephalus rubinus,-10.2228835,-48.3603787,2007-10-20
Pyrocephalus rubinus,-10.2228835,-48.3603787,2007-10-20
Pyrocephalus rubinus,-11.5676278,-47.1819498,2010-07-25
Pyrocephalus rubinus,-10.1867471,-48.3338161,2011-08-28
Pyrocephalus rubinus,-10.2265579,-48.3706945,2016-05-01
Pyrocephalus rubinus,-10.7347308,-49.856712,2016-06-25
Pyrocephalus rubinus,-10.7347308,-49.856712,2017-06-08
Pyrocephalus rubinus,-10.7347308,-49.856712,2017-06-08
Pyrocephalus rubinus,-10.7347308,-49.856712,2017-09-06
Pyrocephalus rubinus,-19.588339,-56.088218,2015-06-13
Pyrocephalus rubinus,-19.9526426,-56.3044081,2015-06-07
Pyrocephalus rubinus,-17.314949,-56.718257,2015-06-27
Pyrocephalus rubinus,-19.9526426,-56.3044081,2015-06-07